cid,smiles,class,activity,pIC50,class_activity
156461678,C1=CC=C2C(=C1)C=C(N2)CNC(=O)C3=CC(=O)N4C=CC=CC4=N3,Active,6.68,5.175223537524454,active
166628590,C1[C@@H]([C@H]([C@H]([C@@H]1N2C=CC3=C(N=CN=C32)N)O)O)CCC4=CC5=NC=C(C=C5C=C4)C#CC6=CC=CC=C6,Unspecified,1.0,6.0,active
166629977,CNC1=NC2=C(C=CC(=C2)OC[C@@H]3[C@H]([C@@H]([C@@H](O3)N4C=C(C5=C(N=CN=C54)N)C6=CCNC6)F)O)C=C1,Active,0.01,8.0,active
156327795,CNC1=NC2=C(C=CC(=C2)OC[C@@H]3[C@H]([C@H]([C@@H](O3)N4C=C(C5=C(N=CN=C54)N)C6=NN(C=C6)C)O)O)C=C1,Active,1.0,6.0,active
164570055,CCC1=CC(=C2C=CC(=CC2=N1)OC[C@@H]3[C@H]([C@@H]([C@@H](O3)N4C=C(C5=C(N=CN=C54)N)C6=NN(C=C6)C)F)O)N,Active,0.01,8.0,active
156327087,CCN1C=CC(=N1)C2=CN(C3=NC=NC(=C23)N)[C@H]4[C@H]([C@@H]([C@H](O4)COC5=CC6=C(C=C5)C=CC(=N6)NC)O)F,Active,0.01,8.0,active
156326985,CN1C=CC(=N1)C2=CN(C3=NC=NC(=C23)N)[C@H]4[C@H]([C@@H]([C@H](O4)COC5=CC6=C(C=C5)C=CC(=N6)N(C)CCO)O)F,Active,0.01,8.0,active
156326955,CC1=CC(=NN1C)C2=CN(C3=NC=NC(=C23)N)[C@H]4[C@H]([C@@H]([C@H](O4)COC5=CC6=C(C=C5)C=CC(=N6)NC)O)F,Active,0.01,8.0,active
166636528,CN1C=CC(=N1)C2=CN(C3=NC=NC(=C23)N)[C@H]4[C@H]([C@@H]([C@H](O4)CCC5CCNCC5)O)F,Active,0.01,8.0,active
166039026,CNC1=NC2=C(C=CC(=C2)CCC3=CC(=CN=C3)N4C=C(C5=C(N=CN=C54)N)Cl)C=C1,Active,0.01,8.0,active
156304027,CC(C)C1=NC2=C(C=CC(=C2)CCC3=CC(=CN=C3)N4C=CC5=C(N=CN=C54)N)C(=C1)N,Active,0.01,8.0,active
156303953,CCC1=CC(=C2C=CC(=CC2=N1)CCC3=CC(=CN=C3)N4C=CC5=C(N=CN=C54)N)NCCCN(C)C,Active,0.01,8.0,active
166039032,CNC1=NC2=C(C=CC(=C2)CCC3=CC(=CN=C3)N4C=CC5=C(N=CN=C54)N)C=C1,Active,0.01,8.0,active
156461944,C1=CC2=NC(=CN2C=C1)CNCC3=CC4=C(N3)C=C(C=C4)CNC(=O)C5=CC(=O)N6C=CC=CC6=N5,Active,0.193,6.714442690992226,active
156304053,CN1C=CC(=N1)C2=CN(C3=NC=NC(=C23)N)C4=CN=CC(=C4)COC5=CC(=C(C=C5)CN6CCC(CC6)CO)N,Active,0.1,7.0,active
156296245,CNC1=NC2=C(C=CC(=C2)COC3=CN=CC(=C3)N4C=CC5=C(N=CN=C54)N)C=C1,Active,0.01,8.0,active
156303966,CNC1=NC2=C(C=CC(=C2)OCC3=CC(=CN=C3)N4C=C(C5=C(N=CN=C54)N)C6CCN(CC6)C)C=C1,Active,0.1,7.0,active
163239225,C1C(CC1N)/C=C/[C@@H]2[C@H]([C@H]([C@@H](O2)N3C=C(C4=C(N=CN=C43)N)Br)O)O,Active,1.31,5.882728704344236,active
156327027,CNC1=NC2=C(C=CC(=C2)OC[C@@H]3[C@H]([C@@H]([C@@H](O3)N4C=C(C5=C(N=CN=C54)N)C6CCN(C6)C)F)O)C=C1,Active,0.01,8.0,active
166060828,C1CC2(C1)CN(C2)CC3=CC4=C(N3)C=C(C=C4)CN5C=C(N=N5)C6=C7C=NNC7=CC=C6,Active,0.0061,8.214670164989233,active
163239057,CC1=NC(=CC(=O)N1C)C(=O)NCC2=CN3C=C(C=CC3=N2)CNCC4CCCCC4,Active,0.719,6.1432711096171175,active
156327033,C1CN(C1)C2=NC3=C(C=CC(=C3)OC[C@@H]4[C@H]([C@@H]([C@@H](O4)N5C=C(C6=C(N=CN=C65)N)N7C=CC=N7)F)O)C=C2,Active,1.0,6.0,active
156730085,CC1=NN(C=C1)C2=CN(C3=NC=NC(=C23)N)[C@H]4[C@H]([C@@H]([C@H](O4)COC5=CC6=C(C=C5)C=CC(=N6)N7CC(C7)N)O)F,Active,0.01,8.0,active
156326975,C1CN(C1)C2=NC3=C(C=CC(=C3)OC[C@@H]4[C@H](C[C@@H](O4)N5C=C(C6=C(N=CN=C65)N)N7C=CC(=N7)C(F)(F)F)O)C=C2,Active,0.01,8.0,active
166628594,CC1(CCN(CC1)CC2=CC=C(C=C2)C(=O)NCC3(CCCN(C3)C4=NC=NC(=C4)NC)O)C,Active,7.0,5.154901959985743,active
166627277,C1CCN(C1)C2=NC3=C(C=CC(=C3)CC[C@H]4C[C@H]([C@@H]([C@@H]4O)O)N5C=CC6=C(N=CN=C65)N)C=C2,Active,0.1,7.0,active
156304016,CCC1=CC(=C2C=CC(=CC2=N1)OCC3=CC(=CN=C3)N4C=C(C5=C(N=CN=C54)N)C6=NN(C=C6)C)N(C)CC7CC7,Active,0.01,8.0,active
156304012,CCC1=CC(=C2C(=N1)C=C(C=N2)OCC3=CC(=CN=C3)N4C=C(C5=C(N=CN=C54)N)C6=NN(C=C6)C)NCCOC,Active,0.01,8.0,active
156304170,CC1=NC(=CO1)C2=CN(C3=NC=NC(=C23)N)C4=CN=CC(=C4)COC5=CC6=C(C=C5)C=CC(=N6)N7CCC7,Active,0.01,8.0,active
166632702,C1C(CC1NC2=NC=C3C=CC(=CC3=N2)OC[C@@H]4[C@H]([C@@H]([C@@H](O4)N5C=CC6=C(N=CN=C65)N)F)O)N,Active,0.1,7.0,active
156461822,C1CC2(C1)CCN(C2)CC3=CC4=C(N3)C=C(N=C4)CN5C=C(N=N5)C6=CC=CN7C6=CN=C7,Active,0.0061,8.214670164989233,active
163239173,C1CC(C1)CNCC2=CN3C=C(N=C3C=C2)CN4C=C(N=N4)C5=CC=CC6=CN=CN65,Active,0.0279,7.554395796726403,active
156296268,CN1C=CC(=N1)C2=CN(C3=NC=NC(=C23)N)C4=CN=CC(=C4)CS(=O)(=O)C5=CC6=C(C=C5)C=CC(=N6)N7CCC7,Unspecified,1.0,6.0,active
156327806,C1[C@@H]([C@H]([C@H]([C@@H]1N2C=CC3=C(N=CN=C32)N)O)O)CCC4=CC5=CC(=NC=C5C=C4)N,Unspecified,1.0,6.0,active
166626323,C1[C@@H]([C@H]([C@H]([C@@H]1N2C=CC3=C(N=CN=C32)N)O)O)CCC4=CC5=NC=NC=C5C=C4,Unspecified,1.0,6.0,active
163239257,C1C(CN1)/C=C/[C@@H]2[C@H]([C@H]([C@@H](O2)N3C=C(C4=C(N=CN=C43)N)Br)O)O,Active,0.46,6.337242168318426,active
166625996,CNC1=NC2=C(S1)C=CC(=C2)OC[C@@H]3[C@H]([C@@H]([C@@H](O3)N4C=C(C5=C(N=CN=C54)N)C6=NN(C=C6)C)F)O,Active,0.1,7.0,active
156304085,C1CN(C1)C2=NC3=C(C=CC(=C3)OCC4=CC(=CN=C4)N5C=C(C6=C(N=CN=C65)N)CO)C=C2,Active,0.01,8.0,active
156304175,CS(=O)(=O)C1=CN(C2=NC=NC(=C12)N)C3=CN=CC(=C3)COC4=CC5=C(C=C4)C=CC(=N5)N6CCC6,Active,0.01,8.0,active
156304171,CC(=O)C1=CN(C2=NC=NC(=C12)N)C3=CN=CC(=C3)COC4=CC5=C(C=C4)C=CC(=N5)N6CCC6,Active,0.01,8.0,active
156304029,CS(=O)C1=CN(C2=NC=NC(=C12)N)C3=CN=CC(=C3)COC4=CC5=C(C=C4)C=CC(=N5)N6CCC6,Active,0.1,7.0,active
156587341,CC1(CCN(CC1)CC2=NC=C(C=C2)N3CC(=O)NC4(C3)CCN(CC4)C5=NC=NC(=C5)NCC6=CC=CC=C6)C,Active,0.037,7.431798275933005,active
156327011,CNC1=NC2=C(C=CC(=C2)OC[C@@H]3[C@H]([C@@H]([C@@H](O3)N4C=C(C5=C(N=CN=C54)N)C6=CN=CC=C6)F)O)C=C1,Active,0.01,8.0,active
163239170,C1CC(C1)CN(CC2CCC2)CC3=CN4C=C(N=C4C=C3)CN5C=C(N=N5)C6=CN=CC7=CC=CC=C76,Active,1.26,5.8996294548824375,active
163239105,C1CC(C1)CNCC2=CN3C=C(N=C3C=C2)CN4C=C(N=N4)C5=CC=CN6C5=NN=C6,Active,0.236,6.627087997029894,active
156304133,CNC1=NC2=C(C=CC(=C2)OCC3=CC(=CC=C3)N4C=C(C5=C(N=CN=C54)N)C6CC6)C=C1,Active,0.01,8.0,active
156326961,CNC1=NC2=C(C=C1)SC(=C2)CC[C@@H]3[C@H]([C@@H]([C@@H](O3)N4C=C(C5=C(N=CN=C54)N)C6=NN(C=C6)C)F)O,Active,0.01,8.0,active
163239244,C1[C@@H]([C@H]([C@H]([C@@H]1N2C=C(C3=C(N=CN=C32)N)Br)O)O)C4=CC5=C(C=C4)NC(=C5)CNCC67CC(C6)(C7)F,Active,0.00824,8.084072788302885,active
166132574,CC1(CCN(CC1)CC2=NC=C(C=C2)C(=O)NC3CCN(CC3)C4=NC=NC(=C4)NCC5=CC=CC=C5)C,Active,3.6,5.443697499232713,active
156303957,CNC1=NC2=C(C=CC(=C2)CNC3=CC(=CC=C3)N4C=C(C5=C(N=CN=C54)N)Br)C=C1,Active,0.1,7.0,active
166039024,CNC1=NC2=C(C=CC(=C2)CN(C)C3=CC=CC(=C3)N4C=C(C5=C(N=CN=C54)N)Br)C=C1,Unspecified,1.0,6.0,active
168489999,C1CC(C1)CNCC2=CC3=C(N2)C=C(C=C3)CC4=CN(N=N4)C5CCCC6C5CNN6,Active,0.00702,8.153662887870194,active
156304116,CNC1=NC2=C(C=CC(=C2)OCC3=CC(=CN=C3)N4C=CC5=C(N=CN=C54)N)C(=C1)CCCN6CCOCC6,Active,0.01,8.0,active
163239293,C1CC(C1)CNCC2=CC=C(C=C2)[C@H]3C[C@H]([C@@H]([C@@H]3O)O)N4C=C(C5=C(N=CN=C54)N)Br,Active,0.15,6.823908740944319,active
156587339,CC1(CCN(CC1)CC2=NC=C(C=C2)NCC3(CCN(CC3)C4=NC=NC(=C4)NCC5=CC=CC=C5)O)C,Active,0.79,6.102372908709559,active
156461943,C1[C@H]2C=C[C@@H]([C@@H]1CNCC3=CC4=C(N3)C=C(C=C4)CNC(=O)C5=CC(=O)N6C=CC=CC6=N5)O2,Active,0.0151,7.82102305270683,active
166039017,CNC1=NC2=C(C=CC(=C2)OCC3=CC(=CC=C3)C4=CNC5=C4N=CN=C5N)C=C1,Active,0.01,8.0,active
166039008,CNC1=NC2=C(C=CC(=C2)OCC3=CC(=CC(=C3)CO)C4=CNC5=C4N=CN=C5N)C=C1,Active,0.01,8.0,active
156304083,CN1C=CC(=N1)C2=CN(C3=NC=NC(=C23)N)C4=CN=CC(=C4)COC5=C(C=CC(=C5)F)C(=O)NC6CCOCC6,Unspecified,1.0,6.0,active
166626134,CN1C=CC(=N1)C2=CN(C3=NC=NC(=C23)N)[C@H]4[C@H]([C@@H]([C@H](O4)COC5=CC6=NC(=NC=C6C=C5)NC7C8CC7C8)O)F,Active,0.01,8.0,active
163239289,C1CC2(C1)CCN(C2)CC3=CC=C(C=C3)[C@H]4C[C@H]([C@@H]([C@@H]4O)O)N5C=C(C6=C(N=CN=C65)N)Br,Active,0.0637,7.195860567664649,active
156442362,CC1(CCCC1)NCC2=CC3=C(N2)C=C(C=C3)CNC(=O)C4=CC(=O)N5C=CC=CC5=N4,Active,0.0061,8.214670164989233,active
156326965,CN1C=CC(=N1)C2=CN(C3=NC=NC(=C23)N)[C@H]4[C@H]([C@@H]([C@H](O4)COC5=CC6=C(C=C5)C=CC(=N6)N7CC(C7)O)O)F,Active,0.01,8.0,active
166629369,CN1C=CC(=N1)C2=CN(C3=NC=NC(=C23)N)[C@H]4[C@H]([C@@H]([C@H](O4)COC5=CC6=NC(=NC=C6C=C5)C(=O)N7CCC7)O)F,Unspecified,1.0,6.0,active
156461758,C1CC(C1)CNCC2=CC3=C(N2)C=C(N=C3)CNC(=O)C4=CC(=O)N5C=CC=CC5=N4,Active,0.0061,8.214670164989233,active
164570054,CCC1=CC(=C2C=CC(=CC2=N1)OC[C@@H]3[C@H](C[C@@H](O3)N4C=CC5=C(N=CN=C54)N)O)N(C)C6CC6,Active,0.01,8.0,active
156461783,CC(C)CNCC1=CC2=C(N1)C=C(C=C2)CNC(=O)C3=CC(=O)N4C=CC=CC4=N3,Active,0.00864,8.063486257521106,active
156748886,C#CCNCC1=CC2=C(N1)C=C(C=C2)CNC(=O)C3=CC(=O)N4C=CC=CC4=N3,Active,0.636,6.196542884351587,active
156461968,CC(C)(C)CNCC1=CC2=C(N1)C=C(C=C2)CNC(=O)C3=CC(=O)N4C=CC=CC4=N3,Active,0.0061,8.214670164989233,active
156442188,C1=CC2=NC(=CC(=O)N2C=C1)C(=O)NCC3=CC4=C(C=C3)C=CN4,Active,1.09,5.962573502059376,active
156442376,C1=CC2=NC(=CC(=O)N2C=C1)C(=O)NCC3=CC4=C(C=C3)C=C(N4)CO,Active,0.564,6.248720896016658,active
163239149,COC1=CC(=C(N=C1)C#N)C2=CN(N=N2)CC3=CN4C=C(C=CC4=N3)CNCC5CCC5,Active,0.057,7.2441251443275085,active
156461683,C1CC(C1)CNCC2=CC3=C(N2)C=C(C=C3)CC4=NC(=NO4)C5=C6C=NNC6=CC=C5,Active,0.0159,7.798602875679548,active
156304050,CN1C=CC(=N1)C2=CN(C3=NC=NC(=C23)N)C4=CN=CC(=C4)COC5=CC6=C(C=C5)C=CC(=N6)N7CCC(CC7)(F)F,Active,0.1,7.0,active
171400787,C1CC(C1)CNCCC/C=C/[C@@H]2[C@H]([C@H]([C@@H](O2)N3C=C(C4=C(N=CN=C43)N)Br)O)O,Active,0.0426,7.370590400897282,active
166632426,C1=CC2=C(C=C1OC[C@@H]3[C@H]([C@@H]([C@@H](O3)N4C=C(C5=C(N=CN=C54)N)Br)F)O)NC(=N2)N,Active,0.1,7.0,active
156327103,CNC1=NC2=C(C=CC(=C2)OC[C@H]3C[C@H](C[C@@H]3O)N4C=C(C5=C(N=CN=C54)N)C6CCCC6)C=C1,Active,0.01,8.0,active
163239192,C1CC(C1)CNCC2=CN3C=C(N=C3C=C2)CNC(=O)C4=CC=CC5=CN=CN54,Active,0.104,6.98296666070122,active
156304102,C1CC1CNC2=NC3=C(C=CC(=C3)OCC4=CC(=CN=C4)N5C=C(C6=C(N=CN=C65)N)Cl)C=C2,Active,0.1,7.0,active
166626092,CC1=CC2=C(N=CN=C2N1[C@@H]3C[C@@H]([C@H]([C@H]3O)O)COC4=CC5=C(C=C4)C=CC(=N5)N)N,Unspecified,1.0,6.0,active
156327024,C1[C@@H]([C@H]([C@H]([C@@H]1N2C=CC3=C(N=CN=C32)N)O)O)COC4=CC5=C(C=C4)C=CC(=N5)N,Active,0.1,7.0,active
156327133,CCNC1=NC2=C(C=CC(=C2)OC[C@H]3C[C@H]([C@@H]([C@@H]3O)O)N4C=CC5=C(N=CN=C54)N)C=C1,Active,0.01,8.0,active
156303968,CNC1=NC2=C(C=CC(=C2)OCC3=NN=C(S3)N4C=C(C5=C(N=CN=C54)N)Cl)C=C1,Unspecified,1.0,6.0,active
163239176,CC1=CN2C=C(N=C2C=C1)CN3C=C(N=N3)C4=CN=C5C(=C4)C=CN5,Active,4.58,5.339134521996131,active
156461941,C1C2CC3CC1CC(C2)(C3)NCC4=CC5=C(N4)C=C(C=C5)CNC(=O)C6=CC(=O)N7C=CC=CC7=N6,Active,0.0061,8.214670164989233,active
171400793,C1[C@@H]([C@H]([C@H]([C@@H]1N2C=C(C3=C(N=CN=C32)N)Br)O)O)C4=CC=C(C=C4)CCNCC56CC(C5)(C6)F,Active,0.0466,7.33161408331,active
155167464,C1CCC(CC1)CNCC2=CN3C=C(N=C3C=C2)CNC(=O)C4=CC5=CC=CC=C5N=C4,Active,1.19,5.924453038607469,active
166630951,CC1(CCN(CC1)CC2=CC=C(C=C2)N3CC(=O)NC4(C3)CCN(CC4)C5=C6C=CNC6=NC=C5)C,Active,4.5,5.346787486224656,active
166631640,CC1=CC2=C(N=CN=C2N1[C@@H]3C[C@@H]([C@H]([C@H]3O)O)CCC4=CC5=C(C=C4)C=CC(=N5)N)NCCC6=CC=CC=C6,Unspecified,1.0,6.0,active
166635306,C1[C@@H]([C@H]([C@H]([C@@H]1N2C=CC3=C(N=CN=C32)N)O)O)CCC4=NC5=C(C=CC=N5)C=C4,Unspecified,1.0,6.0,active
164570048,C1CN(C1)C2=NC3=CC(=C(C=C3C=C2)F)CC[C@H]4C[C@H](C[C@@H]4O)N5C=C(C6=C(N=CN=C65)N)N7C=CC=N7,Active,0.01,8.0,active
166633589,C1CC1NC2=NC3=C(C=CC(=C3)OC[C@@H]4[C@H](C[C@@H](O4)N5C=CC6=C(N=CN=C65)N)O)C=C2,Active,0.01,8.0,active
156327073,CNC1=NC2=C(C=CC(=C2)OC[C@@H]3[C@H]([C@@H]([C@@H](O3)N4C=C(C5=C(N=CN=C54)N)CC6CC6)F)O)C=C1,Active,0.01,8.0,active
166636129,CNC1=NC2=C(C=CC(=C2)OC[C@@H]3[C@H]([C@H]([C@@H](O3)N4C=C(C5=C(N=CN=C54)N)C(C6CC6)O)O)O)C=C1,Active,0.01,8.0,active
156304008,CC(C)C1=NC2=C(C=CC(=C2)OCC3=CC(=CN=C3)N4C=CC5=C(N=CN=C54)N)C(=N1)N,Active,0.01,8.0,active
166633930,CC(C)C1=NC2=C(C=CC(=C2)OCC3=CC(=CN=C3)N4C=CC5=C(N=CN=C54)N)C(=N1)NCCN(C)C,Active,0.01,8.0,active
156442379,C1CC(C1)CNCC2=CC3=C(N2)C=C(C=C3)CNC(=O)C4=CC(=O)N5C=CC=CC5=N4,Active,0.0061,8.214670164989233,active
156442205,C1CC(C1)(CNCC2=CC3=C(N2)C=C(C=C3)CNC(=O)C4=CC(=O)N5C=CC=CC5=N4)O,Active,0.0061,8.214670164989233,active
156442226,CC(=O)N(CC1CCC1)CC2=CC3=C(N2)C=C(C=C3)CNC(=O)C4=CC(=O)N5C=CC=CC5=N4,Active,1.16,5.935542010773082,active
156442358,C1CC(C1)CNCC2=C(C3=C(N2)C=C(C=C3)CNC(=O)C4=CC(=O)N5C=CC=CC5=N4)F,Active,0.0061,8.214670164989233,active
156461649,CN1C(=CC2=C1C=C(C=C2)CNC(=O)C3=CC(=O)N4C=CC=CC4=N3)CNCC5CCC5,Active,5.08,5.294136287716081,active
166631878,C1CCN(C1)C2=NC3=C(C=CC(=C3)OC[C@@H]4[C@H]([C@H]([C@@H](O4)N5C=C(C6=C(N=CN=C65)N)Br)O)O)C=C2,Active,0.01,8.0,active
156327743,C1CCN(C1)C2=NC3=C(C=CC(=C3)OC[C@@H]4[C@H]([C@H]([C@@H](O4)N5C=CC6=C(N=CN=C65)N)O)O)C=C2,Active,0.01,8.0,active
156730054,CN1C=CC(=N1)C2=CN(C3=NC=NC(=C23)N)[C@H]4C[C@@H]([C@H](O4)COC5=CC6=C(C=C5)C=CC(=N6)NC7CC7)O,Active,0.01,8.0,active
156327010,CNC1=NC2=C(C=CC(=C2)CC[C@@H]3[C@H]([C@H]([C@@H](O3)N4C=C(C5=C(N=CN=C54)N)C6CCCC6)O)O)C=C1,Active,0.01,8.0,active
163239272,C1=CC=C(C=C1)CNC/C=C/CC[C@@H]2[C@H]([C@H]([C@@H](O2)N3C=C(C4=C(N=CN=C43)N)Br)O)O,Active,0.123,6.910094888560602,active
156326989,CNC1=NC2=C(C=CC(=C2)OC[C@@H]3[C@H]([C@@H]([C@@H](O3)N4C=C(C5=C(N=CN=C54)N)C6=CC=CC=N6)F)O)C=C1,Active,0.01,8.0,active
156327129,CC1=CN=C(C=C1)C2=CN(C3=NC=NC(=C23)N)[C@H]4[C@H]([C@@H]([C@H](O4)COC5=CC6=C(C=C5)C=CC(=N6)NC)O)F,Active,0.01,8.0,active
166039007,CNC1=NC2=C(C=CC(=C2)OCC3=CN=CC(=N3)N4C=C(C5=C(N=CN=C54)N)C6CCCC6)C=C1,Active,0.01,8.0,active
126638557,C1[C@@H]([C@H]([C@H]([C@@H]1N2C=CC3=C(N=CN=C32)N)O)O)CCC4=CC5=C(C=C4)C=CC(=N5)N,Active,0.1,7.0,active
156296083,CNC1=NC2=C(C=CC(=C2)CC[C@H]3C[C@H]([C@@H]([C@@H]3O)O)N4C=C(C5=C(N=CN=C54)N)CO)C=C1,Active,0.01,8.0,active
156327102,CN(C)C1=NC2=C(C=CC(=C2)CC[C@H]3C[C@H]([C@@H]([C@@H]3O)O)N4C=CC5=C(N=CN=C54)N)C=C1,Active,0.01,8.0,active
166626272,CCCNC1=C2C=CN(C2=NC=N1)[C@@H]3C[C@@H]([C@H]([C@H]3O)O)CCC4=CC5=C(C=C4)C=CC(=N5)N,Unspecified,1.0,6.0,active
156326948,CNC1=NC2=CC(=C(C=C2C=C1)F)CC[C@H]3C[C@H]([C@@H]([C@@H]3O)O)N4C=CC5=C(N=CN=C54)N,Active,0.01,8.0,active
156327813,CCCC1=CN(C2=NC=NC(=C12)N)[C@@H]3C[C@@H]([C@H]([C@H]3O)O)CCC4=CC5=C(C=C4)C=CC(=N5)N,Active,0.1,7.0,active
166630917,C1[C@@H]([C@H]([C@H]([C@@H]1N2C=C(C3=C(N=CN=C32)N)Br)O)O)CCC4=CC5=C(C=C4)C=CC(=N5)N,Active,0.01,8.0,active
156327039,CC1=NC(=C2C=CN(C2=N1)[C@@H]3C[C@@H]([C@H]([C@H]3O)O)CCC4=CC5=C(C=C4)C=CC(=N5)N)N,Unspecified,1.0,6.0,active
166636481,COC1=CC=CC=C1C2=CN(C3=NC=NC(=C23)N)C4=CN=CC(=C4)COC5=CC6=C(C=C5)C=CC(=N6)N7CCC7,Unspecified,1.0,6.0,active
156303934,C1CCN(C1)C2=NC3=C(C=CC(=C3)OCC4=NN=C(S4)N5C=C(C6=C(N=CN=C65)N)Cl)C=C2,Unspecified,1.0,6.0,active
155167581,C1CCC(CC1)CNCC2=CN3C=C(N=C3C=C2)CNC(=O)C4=CC(=O)N5C=CC=CC5=N4,Active,0.017,7.769551078621726,active
156304105,CC1=CC(=C2C=CC(=CC2=N1)OCC3=CC(=CN=C3)N4C=CC5=C(N=CN=C54)N)NCCN(C)CCCCCC6=CC=CC=C6,Active,0.01,8.0,active
156461753,C1CC(C1)CNCC2=CC3=C(N2)C=C(C=C3)CN4C=C(N=N4)C5=C6C=NNC6=CC=C5,Active,0.0061,8.214670164989233,active
156461641,C1CC(C1)(CNCC2=CC3=C(N2)C=C(C=C3)CN4C=C(N=N4)C5=C6C=NNC6=CC=C5)O,Active,0.0061,8.214670164989233,active
166632588,CNC1=NC2=C(C=CC(=C2)OC[C@@H]3[C@H]([C@@H]([C@@H](O3)N4C=C(C5=C(N=CN=C54)N)C6=CC=NN6C)F)O)C=C1,Active,0.01,8.0,active
156327050,CNC1=NC2=C(C=CC(=C2)OC[C@@H]3[C@H]([C@@H]([C@@H](O3)N4C=C(C5=C(N=CN=C54)N)C6=CC=NN6)F)O)C=C1,Active,0.01,8.0,active
156304062,C1CN(C1)C2=NC3=C(C=CC(=C3)OCC4=CC(=CN=C4)C5=CNC6=C5N=CN=C6N)C=C2,Active,0.01,8.0,active
156461690,C1CCNC(C1)C2=CC3=C(N2)C=C(C=C3)CNC(=O)C4=CC(=O)N5C=CC=CC5=N4,Active,0.756,6.121478204498794,active
156304015,CCC1=CC(=C2C=CC(=CC2=N1)OCC3=CC(=CN=C3)N4C=C(C5=C(N=CN=C54)N)C6=NN(C=C6)C)N7CCNCC7,Active,0.01,8.0,active
156442165,C1=CC2=CC(=CN2C=C1)CNC(=O)C3=CC(=O)N4C=CC=CC4=N3,Active,5.08,5.294136287716081,active
156304038,CCC1=CC(=C2C(=CC(=CC2=N1)OCC3=CN=CC(=N3)N4C=C(C5=C(N=CN=C54)N)C6CCCO6)F)NCCOC,Unspecified,1.0,6.0,active
163239096,C1CC(C1)CNCC2=CN3C=C(N=C3C=C2)CNC(=O)C4=CC5=C(C=C4)NC=C5,Active,3.82,5.4179366370882915,active
166626520,CNC1=NC2=C(C=CC(=C2)OC[C@@H]3[C@H]([C@H]([C@@H](O3)N4C=NC5=C(N=CN=C54)N)O)O)C=C1,Active,0.01,8.0,active
163239161,C1CC2(C1)CN(C2)CC3=CN4C=C(N=C4C=C3)CN5C=C(N=N5)C6=CC=CN7C6=CN=C7,Active,0.0065,8.187086643357144,active
163239135,COC1=CN2C=NC=C2C(=C1)C3=CN(N=N3)CC4=CN5C=C(C=CC5=N4)CN6CC7(C6)CCC7,Active,0.0061,8.214670164989233,active
139449595,C1[C@@H]([C@H]([C@H]([C@@H]1N2C=CC3=C(N=CN=C32)N)O)O)CCC4=CN=CC=C4,Unspecified,1.0,6.0,active
163239206,C1CC2(C1)CCN(C2)CC3=CC4=C(N3)C=C(C=C4)[C@H]5C[C@H]([C@@H]([C@@H]5O)O)N6C=C(C7=C(N=CN=C76)N)Br,Active,0.0061,8.214670164989233,active
163239235,C1CC2(C1)CCN(C2)CC3=CC4=C(N3)C=C(C=C4)[C@H]5C[C@H]([C@@H]([C@@H]5O)O)N6C=CC7=C(N=CN=C76)N,Active,0.00622,8.20620961530918,active
156304123,CCC1=CC(=C2C=CC(=CC2=N1)OCC3=CC(=CN=C3)N4C=C(C5=C(N=CN=C54)N)[C@@H]6CCCO6)N(C)C7CC7,Active,0.01,8.0,active
156304076,CNC1=NC2=C(C=CC(=C2)OCC3=CC(=CN=C3)C4=CN(C5=C4N=CN=C5N)C6CCCC6)C=C1,Active,0.01,8.0,active
156327153,C1CN(C1)C2=NC3=C(C=CC(=C3)CC[C@@H]4[C@H](C[C@@H](O4)N5C=CC6=C(N=CN=C65)N)O)C=C2,Active,0.01,8.0,active
163239157,C1CC(C1)CNCC2=CN3C=C(N=C3C=C2)CNC(=O)C4=CC5=C(N=C4)N=CN5,Active,1.07,5.97061622231479,active
156442163,C1CC(C1)CNCC2=CC3=C(N2)C=C(C=C3)CN4C=C(N=C4)C5=CN=C6C(=C5)C=CN6,Active,0.0061,8.214670164989233,active
166627847,C1CC(C1)NC2=NC3=C(C=CC(=C3)OCC4CC(C(C4O)F)N5C=C(C6=C(N=CN=C65)N)N7C=CC=N7)C=C2,Active,0.1,7.0,active
171400800,C1=C(C2=C(N=CN=C2N1[C@H]3[C@@H]([C@@H]([C@H](O3)/C=C/CCN)O)O)N)Br,Active,0.568,6.245651664288982,active
164570051,CCC1=CC(=C2C(=N1)C=C(C=N2)OC[C@@H]3[C@H]([C@H]([C@@H](O3)N4C=C(C5=C(N=CN=C54)N)C6=NN(C=C6)C)O)O)NCCOC,Active,0.01,8.0,active
156442234,C1CC(C1)CNCC2=CC3=C(N2)C=C(C=N3)CN4C=C(N=N4)C5=C6C=NNC6=CC=C5,Active,0.0061,8.214670164989233,active
166633126,CN1C=C(C=N1)C2=CN(C3=NC=NC(=C23)N)[C@@H]4C[C@@H]([C@H]([C@H]4O)O)CCC5=CC6=C(C=C5)C=CC(=N6)N,Active,0.1,7.0,active
156304136,CCC1=CC(=C2C=CC(=CC2=N1)OCC3=CC(=CN=C3)N4C=CC5=C(N=CN=C54)N)N6CCN(CC6)C,Active,0.01,8.0,active
156304058,CCNC1=NC2=C(C=CC(=C2)CCC3=CN=CC(=N3)N4C=C(C5=C(N=CN=C54)N)[C@H]6CCCO6)C=C1,Active,0.01,8.0,active
166630828,CNC1=NC2=C(C=CC(=C2)CC[C@H]3C[C@H]([C@@H]([C@@H]3O)O)N4C=C(C5=C(N=CN=C54)N)C6CCCCC6)C=C1,Active,0.01,8.0,active
156304140,CC(C)C1=NC2=C(C=CC(=C2)OCC3=CC(=CN=C3)N4C=CC5=C(N=CN=C54)N)C(=C1)N6CCC6,Active,0.01,8.0,active
156327113,C1[C@@H]([C@H]([C@H]([C@@H]1N2C=CC3=C(N=CN=C32)N)O)O)CCC4=CC5=C(C=CC=C5N)C=C4,Unspecified,1.0,6.0,active
156461785,C1CC(C1)CNCC2=CC3=C(N2)C=C(C=C3)CC4=CN(N=N4)C5=CC=CC6=C5C=NN6,Active,0.00702,8.153662887870194,active
156442378,C1CC(C1)CNCC2=CC3=C(N2)C=C(N=C3)CN4C=C(N=N4)C5=C6C=NNC6=CC=C5,Active,0.0061,8.214670164989233,active
156304074,C1CN(CCN1)C(=O)C2=C(C=C(C=C2)OCC3=CC(=CN=C3)N4C=C(C5=C(N=CN=C54)N)Br)N,Unspecified,1.0,6.0,active
156304162,C1CN(CCN1)C(=O)C2=C(C=C(C=C2)OCC3=CC(=CN=C3)N4C=CC5=C(N=CN=C54)N)N,Unspecified,1.0,6.0,active
156442185,C1CC(C1)CNCC2=CC3=C(N2)C=C(C=C3)CNC(=O)C4=CN=C5C(=C4)C=CN5,Active,0.0061,8.214670164989233,active
156748915,CC(C)(C)C1(CC1)NCC2=CC3=C(N2)C=C(C=C3)CNC(=O)C4=CC(=O)N5C=CC=CC5=N4,Active,0.0148,7.8297382846050425,active
166625721,C1CCN(C1)C2=NC3=C(C=CC(=C3)CC[C@@H]4[C@H]([C@H]([C@@H](O4)N5C=CC6=C(N=CN=C65)N)O)O)C=C2,Active,0.01,8.0,active
156327794,CCNC1=NC2=C(C=CC(=C2)OC[C@@H]3[C@H]([C@H]([C@@H](O3)N4C=C(C5=C(N=CN=C54)N)C6CCCC6)O)O)C=C1,Active,1.0,6.0,active
156327128,CNC1=NC2=C(C=CC(=C2)OC[C@@H]3C[C@H]([C@@H](O3)N4C=C(C5=C(N=CN=C54)N)C6CCCC6)O)C=C1,Active,0.1,7.0,active
166630025,C1CCC(C1)C2=CN(C3=NC=NC(=C23)N)[C@H]4[C@@H]([C@@H]([C@H](O4)COC5=CC6=C(C=C5)C(=CC(=N6)N)N)O)O,Active,0.01,8.0,active
156461872,COC1=CC(=C(N=C1)C#N)C2=CN(N=N2)CC3=CC4=C(C=C3)C=C(N4)CNCC56CC(C5)C6,Active,0.0061,8.214670164989233,active
156304118,CNC1=NC2=C(C=CC(=C2)OCC3=CC(=CN=C3)N4C=C(C5=C(N=CN=C54)N)C6=NC=CO6)C=C1,Active,0.01,8.0,active
166630475,C1[C@@H]([C@H]([C@H]([C@@H]1N2C=CC3=C(N=CN=C32)N)O)O)CCC4=CC5=C(C=C4)N=CN5,Unspecified,1.0,6.0,active
154815692,CC1(CCN(CC1)CC2=CC(=C(C=C2)C(=O)NC[C@@]3(CCCN(C3)C4=NC=NC(=C4)NCC5=CC=CC=C5)O)O)C,Active,0.28,6.552841968657781,active
156461681,C1CC(C1)CNCC2=CC3=C(N2)N=C(C=C3)CNC(=O)C4=CC(=O)N5C=CC=CC5=N4,Active,0.192,6.716698771296451,active
166039025,CCC1=CC(=C2C=CC(=CC2=N1)OCC3=CC(=CN=C3)C4=CNC5=C4N=CN=C5N)NCCOC,Active,0.01,8.0,active
156304089,CC1=C(C2=C(N1)C(=NC=N2)N)C3=CN=CC(=C3)COC4=CC5=C(C=C4)C=CC(=N5)NC,Active,0.01,8.0,active
156296234,CNC1=NC2=C(C=CC(=C2)OCC3=CC(=CN=C3)C4=CNC5=C4N=CN=C5N)C=C1,Active,0.01,8.0,active
156304139,CC(C)C1=NC2=C(C=CC(=C2)OCC3=CC(=CN=C3)C4=CNC5=C4N=CN=C5N)C(=C1)N,Active,0.01,8.0,active
156304129,CN1C=CC(=N1)C2=CN(C3=NC=NC(=C23)N)C4=CN=CC(=C4)CNC(=O)CC5=NC(=CC=C5)N6CCC6,Unspecified,1.0,6.0,active
163239067,C1CC(C1)CNCC2=CN3C=C(N=C3C=C2)CNC(=O)C4=CN=C5C(=C4)C=CN5,Active,0.0145,7.838631997765025,active
163239138,CN1C=CC2=CC(=CN=C21)C(=O)NCC3=CN4C=C(C=CC4=N3)CNCC5CCC5,Active,1.6,5.795880017344075,active
166627210,C1CCN(C1)C2=NC3=C(C=CC(=C3)OC[C@H]4C[C@H]([C@@H]([C@@H]4O)O)N5C=CC6=C(N=CN=C65)N)C=C2,Active,0.1,7.0,active
156303972,C1CCN(C1)C2=NC3=C(C=CC(=C3)OCC4=CC(=CC=C4)N5C=C(C6=C(N=CN=C65)N)Cl)C=C2,Unspecified,1.0,6.0,active
166628365,C1[C@@H]([C@H]([C@H]([C@@H]1N2C=CC3=C(N=CN=C32)N)O)O)CCC4=CC5=C(C=CC=N5)N=C4,Unspecified,1.0,6.0,active
166632188,CCNC1=NC2=C(C=CC(=C2)OC[C@@H]3[C@H]([C@@H]([C@@H](O3)N4C=C(C5=C(N=CN=C54)N)C6=CN(C=N6)C)F)O)C=C1,Active,0.01,8.0,active
156596352,CC1(CCN(CC1)CC2=CC=C(C=C2)N3CC4(CCN(CC4)C5=NC=NC(=C5)NC)NC3=O)C,Active,1.8,5.744727494896694,active
163239191,CC1(CCN(CC1)CC2=CN3C=C(N=C3C=C2)CN4C=C(N=N4)C5=C(N=CC(=C5)OC)C#N)C,Active,0.039,7.4089353929735005,active
156327012,CC1=NN(C=C1)C2=CN(C3=NC=NC(=C23)N)[C@H]4C[C@@H]([C@H](O4)COC5=CC6=NC(=C(C=C6C=C5)F)NC)O,Unspecified,1.0,6.0,active
163239232,C1C2(CC1(C2)F)CNCCC/C=C/[C@@H]3[C@H]([C@H]([C@@H](O3)N4C=C(C5=C(N=CN=C54)N)Br)O)O,Active,0.006,8.221848749616356,active
163239314,C1[C@@H]([C@H](O[C@H]1N2C=C(C3=C(N=CN=C32)N)Br)/C=C/CCCNCC45CC(C4)(C5)F)O,Active,0.0128,7.892790030352132,active
156304097,CN1C=CC(=N1)C2=CN(C3=NC=NC(=C23)N)C4=CN=CC(=C4)CCC5=CC6=C(C=C5)C=CC(=N6)N7CCC7,Active,0.01,8.0,active
166635480,CC1(COC(=N1)C2=CN(C3=NC=NC(=C23)N)[C@H]4[C@H]([C@@H]([C@H](O4)COC5=CC6=C(C=C5)C=CC(=N6)N7CCC7)O)F)C,Active,0.01,8.0,active
166625726,CN(C)C(=O)C1=CN(C2=NC=NC(=C12)N)[C@H]3[C@H]([C@@H]([C@H](O3)COC4=CC5=C(C=C4)C=CC(=N5)N6CCC6)O)F,Active,0.01,8.0,active
156326986,C1CN(C1)C2=NC3=C(C=CC(=C3)OC[C@@H]4[C@H]([C@@H]([C@@H](O4)N5C=C(C6=C(N=CN=C65)N)CO)F)O)C=C2,Active,0.01,8.0,active
156327040,C1C(CN1C2=NC3=C(C=CC(=C3)OC[C@@H]4[C@H]([C@@H]([C@@H](O4)N5C=CC6=C(N=CN=C65)N)F)O)C=C2)N,Active,0.01,8.0,active
166633196,C1[C@@H]([C@H](O[C@H]1N2C=CC3=C(N=CN=C32)N)COC4=CC5=C(C=C4)C=CC(=N5)N6CC(C6)N)O,Active,0.1,7.0,active
156442187,CC(C)(C)CNCC1=CC2=C(N1)C=C(C=C2)CNC(=O)C3=CN=C4C(=C3)C=CN4,Active,0.0188,7.72584215073632,active
156748906,C1C(CN1CC2=CC3=C(N2)C=C(C=C3)CNC(=O)C4=CC(=O)N5C=CC=CC5=N4)OCC(F)(F)F,Active,0.15,6.823908740944319,active
156461629,CC1CCN1CC2=CC3=C(N2)C=C(C=C3)CNC(=O)C4=CC(=O)N5C=CC=CC5=N4,Active,0.638,6.195179321278838,active
166626144,C1[C@@H]([C@H]([C@H]([C@@H]1N2C=CC3=C(N=CN=C32)N)O)O)CCC4=CC=CC=N4,Unspecified,1.0,6.0,active
166628131,COC1=CC=CC(=N1)CC[C@H]2C[C@H]([C@@H]([C@@H]2O)O)N3C=CC4=C(N=CN=C43)N,Unspecified,1.0,6.0,active
156296142,CN1C=CC(=N1)C2=CN(C3=NC=NC(=C23)N)[C@@H]4C[C@@H]([C@H]([C@@H]4F)O)CCC5=CC6=C(C=C5)C=CC(=N6)N7CCC7,Active,0.01,8.0,active
156461961,C1CC1CNCC2=CC3=CC(=C(C=C3N2)CNC(=O)C4=CC(=O)N5C=CC=CC5=N4)F,Active,0.0123,7.910094888560602,active
156461697,C1CC(C1)CNCC2=CC3=C(N2)C=C(C=C3)CN4C=C(N=C4)C5=C6C=NNC6=CC=C5,Active,0.00682,8.166215625343522,active
166636463,CN1C=CC(=N1)C2=CN(C3=NC=NC(=C23)N)[C@H]4[C@H]([C@@H]([C@H](O4)CCC5=CC6=NC(=NC=C6C=C5)N7CCC7)O)F,Active,0.01,8.0,active
156326964,CCC1=NC2=C(N1)C=C(C=C2)OC[C@@H]3[C@H]([C@@H]([C@@H](O3)N4C=C(C5=C(N=CN=C54)N)C6=NN(C=C6)C)F)O,Active,0.1,7.0,active
156461651,C1CC2(C1)CC2NCC3=CC4=C(N3)C=C(C=C4)CNC(=O)C5=CC(=O)N6C=CC=CC6=N5,Active,0.0061,8.214670164989233,active
156327099,C1[C@@H]([C@H]([C@H]([C@@H]1N2C=CC3=C(N=CN=C32)N)O)O)CCC4=CC5=C(C=C4)NC(=O)N5,Unspecified,1.0,6.0,active
163239304,C1=CC=C(C=C1)CNCCC/C=C/[C@@H]2[C@H]([C@H]([C@@H](O2)N3C=C(C4=C(N=CN=C43)N)Br)O)O,Active,0.0448,7.348721986001856,active
166632950,CNC1=NC2=C(C=CC(=C2)OCC3=NC=C(S3)N4C=C(C5=C(N=CN=C54)N)Cl)C=C1.C(=O)(C(F)(F)F)O,Unspecified,1.0,6.0,active
156327034,CC1=COC(=N1)C2=CN(C3=NC=NC(=C23)N)[C@H]4[C@H]([C@@H]([C@H](O4)COC5=CC6=C(C=C5)C=CC(=N6)N7CCC7)O)F,Active,1.0,6.0,active
163239190,CN1C2=C(C=CC=C2C3=CN(N=N3)CC4=CN5C=C(C=CC5=N4)CNCC6CCC6)C=N1,Active,2.7,5.568636235841013,active
156304025,CN1C=CC(=N1)C2=CN(C3=NC=NC(=C23)N)C4=CN=CC(=C4)CSC5=CC6=C(C=C5)C=CC(=N6)N7CCC7,Active,0.01,8.0,active
163239238,C1C(CO1)/C=C/[C@@H]2[C@H]([C@H]([C@@H](O2)N3C=C(C4=C(N=CN=C43)N)Br)O)O,Active,2.93,5.533132379645891,active
156304156,CN1C=CC(=N1)C2=CN(C3=NC=NC(=C23)N)C4=CN=CC(=C4)COC5=CC(=C(C=C5)CN6CCOCC6)N,Active,0.1,7.0,active
155167890,C1CC(C1)CNCC2=CN3C=C(N=C3C=C2)CN4C=C(N=N4)C5=CN=CC6=CC=CC=C65,Active,0.0742,7.129596094720973,active
156442372,C1CC(C1)CNCC2=CC3=C(N2)C=C(C=C3)CN4C=C(N=N4)C5=CN=C6C(=C5)C=CN6,Active,0.0061,8.214670164989233,active
166625929,CC1=CN(C2=NC=NC(=C12)N)[C@@H]3C[C@@H]([C@H]([C@H]3O)O)CCC4=CC5=C(C=C4)N=C(C=C5)NC,Active,0.1,7.0,active
156327810,CC1=CC2=C(N=CN=C2N1[C@@H]3C[C@@H]([C@H]([C@H]3O)O)CCC4=CC5=C(C=C4)N=C(C=C5)N)N,Unspecified,1.0,6.0,active
156304059,CN1C=CC(=N1)C2=CN(C3=NC=NC(=C23)N)C4=CN=CC(=C4)COC5=CC(=C(C=C5)C(=O)N(C)CCOC)N,Unspecified,1.0,6.0,active
163239121,C1CC(C1)CNCC2=CN3C=C(N=C3C=C2)CNC(=O)C4=CC=CN5C4=CN=C5,Active,0.0365,7.437707135543525,active
156304034,CC(C)C1=NC2=C(C=CC(=C2)CCC3=CC(=CN=C3)N4C=C(C5=C(N=CN=C54)N)C6CCCC6)C(=C1)N,Active,0.01,8.0,active
156442178,C1CC(C1)CNCC2=NC3=C(N2)C=C(C=C3)CNC(=O)C4=CC(=O)N5C=CC=CC5=N4,Active,0.0321,7.493494967595128,active
156304031,CCC1=CC(=C2C=CC(=CC2=N1)CCC3=CC(=CN=C3)N4C=C(C5=C(N=CN=C54)N)[C@H]6CCCO6)NCCN(C)C,Active,0.01,8.0,active
156304151,CN1C=CC(=N1)C2=CN(C3=NC=NC(=C23)N)C4=CN=CC(=C4)COC5=CC6=C(C=C5)C=CC(=N6)N7CCOCC7=O,Unspecified,1.0,6.0,active
156304154,CN(C)CCNC(=O)C1=C(C=C(C=C1)OCC2=CC(=CN=C2)N3C=CC4=C(N=CN=C43)N)N,Unspecified,1.0,6.0,active
156304169,CN(C)CCNC(=O)C1=C(C=C(C=C1)OCC2=CC(=CN=C2)N3C=C(C4=C(N=CN=C43)N)Br)N,Unspecified,1.0,6.0,active
156304166,CN1C=CC(=N1)C2=CN(C3=NC=NC(=C23)N)C4=CN=CC(=C4)COC5=CC(=C(C=C5)C(=O)N6CCNCC6)N,Active,0.1,7.0,active
156303991,C1=CC2=C(C=C1OCC3=CC(=CN=C3)N4C=CC5=C(N=CN=C54)N)NC=CC2=O,Unspecified,1.0,6.0,active
166635216,C1[C@@H]([C@H]([C@H]([C@@H]1N2C=CC3=C(N=CN=C32)N)O)O)CCC4=CC5=NC=CC(=C5C=C4)OCC6=CC=CC=C6,Unspecified,1.0,6.0,active
166627134,CC1(CCN(CC1)CC2=CC=C(C=C2)N3CC(=O)NC4(C3)CCN(CC4)C5=CC(=NC=N5)N(C)C)C,Active,0.97,6.013228265733755,active
156587345,CC1(CCN(CC1)CC2=C(C=C(C=C2)N3CC(=O)NC4(C3)CCN(CC4)C5=NC=NC(=C5)NC)F)C,Active,0.032,7.494850021680094,active
156596355,CC1(CCN(CC1)CC2=CC=C(C=C2)N3CC(=O)N(C4(C3)CCN(CC4)C5=NC=NC(=C5)NC)C)C,Active,1.5,5.823908740944319,active
156596353,CC(C)NC1=CC(=NC=N1)N2CCC3(CC2)CN(CC(=O)N3)C4=CC=C(C=C4)CN5CCC(CC5)(C)C,Active,0.33,6.481486060122113,active
156587344,CC1(CCN(CC1)CC2=CC(=C(C=C2)N3CC(=O)NC4(C3)CCN(CC4)C5=NC=NC(=C5)NC)F)C,Active,0.038,7.42021640338319,active
156442159,C1CC1NCC2=CC3=C(N2)C=C(C=C3)CN4C=C(N=N4)C5=C6C=NNC6=CC=C5,Active,0.0221,7.655607726314889,active
156303937,C[C@H]1CCN1C2=NC3=C(C=CC(=C3)OCC4=CC(=CN=C4)N5C=C(C6=C(N=CN=C65)N)C7CCCC7)C=C2,Active,0.01,8.0,active
156596356,CC1(CCN(CC1)CC2=CC=C(C=C2)N3CC(=O)NC4(C3)CCN(CC4)C5=NC(=NC6=C5C=CN6)Cl)C,Active,0.024,7.619788758288394,active
156596354,CC1(CCN(CC1)CC2=CC=C(C=C2)N3CC(=O)NC4(C3)CCN(CC4)C5=NC=NC6=C5C=CN6)C,Active,0.061,7.214670164989233,active
166039044,CCC1=CC(=C2C=CC(=CC2=N1)OCC3=CC(=CN=C3)N4C=C(C5=C(N=CN=C54)N)C6CCCC6)N,Active,0.01,8.0,active
156304108,CNC1=NC2=C(C=CC(=C2)OCC3=CC(=CN=C3)N4C=C(C5=CN=CN=C54)C6CCCC6)C=C1,Active,0.1,7.0,active
156442168,C1C2(CC1(C2)F)CNCC3=CC4=C(N3)C=C(C=C4)CNC(=O)C5=CC(=O)N6C=CSC6=N5,Active,0.0061,8.214670164989233,active
156462038,C1C2CC1(C2)CNCC3=CC4=C(N3)C=C(C=N4)CNC(=O)C5=CC(=O)N6C=CC=CC6=N5,Active,0.0061,8.214670164989233,active
156327022,CN1C=CC(=N1)C2=CN(C3=NC=NC(=C23)N)[C@H]4C[C@@H]([C@H](O4)CCC5=CC6=C(C=C5)C=CC(=N6)N7CCC7)O,Active,0.01,8.0,active
156327000,C1[C@@H]([C@H]([C@H]([C@@H]1N2C=CC3=C(N=CN=C32)N)O)O)CCC4=CC=CC(=O)N4,Unspecified,1.0,6.0,active
156303979,C1=CC(=CC(=C1)N2C=C(C3=C(N=CN=C32)N)Cl)COC4=CC5=C(C=C4)C=CC(=N5)N,Unspecified,1.0,6.0,active
156304115,CC1=CC(=C2C=CC(=CC2=N1)OCC3=CC(=CC=C3)N4C=C(C5=C(N=CN=C54)N)Cl)N,Active,0.01,8.0,active
156304131,CNC1=NC2=C(C=CC(=C2)OCC3=CC(=CC(=C3)F)N4C=C(C5=C(N=CN=C54)N)Cl)C=C1,Active,0.01,8.0,active
166039020,CNC1=NC2=C(C=CC(=C2)OCC3=C(C=CC(=C3)N4C=C(C5=C(N=CN=C54)N)Cl)F)C=C1,Active,0.01,8.0,active
166039047,CNC1=NC2=C(C=CC(=C2)OCC3=CC(=CC=C3)N4C=C(C5=C(N=CN=C54)N)Br)C=C1,Active,0.01,8.0,active
156304086,CNC1=NC2=C(C=CC(=C2)OCC3=C(C(=CC=C3)N4C=CC5=C(N=CN=C54)N)F)C=C1,Active,0.01,8.0,active
166039046,CNC1=NC2=C(C=CC(=C2)OCC3=CC(=CC(=C3)CO)N4C=CC5=C(N=CN=C54)N)C=C1,Active,0.01,8.0,active
156303978,CNC1=NC2=C(C=CC(=C2)OCC3=CC(=CC=C3)N4C=CC5=C(N=CN=C54)N)C=C1,Active,0.01,8.0,active
156304114,CC1=CC(=C2C=CC(=CC2=N1)OCC3=CC(=CC=C3)N4C=CC5=C(N=CN=C54)N)N,Active,0.1,7.0,active
156303997,CNC1=NC2=C(C=CC(=C2)OCC3=CC(=CC(=C3)N4C=CC5=C(N=CN=C54)N)C#N)C=C1,Active,0.1,7.0,active
163239129,C1CC(C1)CNCC2=CN3C=C(N=C3C=C2)CN4C=C(N=N4)C5=CN=C6C(=C5)C=CN6,Active,0.0185,7.732828271596986,active
156461717,C1C2CC1N(C2)CC3=CC4=C(N3)C=C(C=C4)CNC(=O)C5=CC(=O)N6C=CC=CC6=N5,Active,0.0886,7.052566278112949,active
156461718,C1COCCN1CC2=CC3=C(N2)C=C(C=C3)CNC(=O)C4=CC(=O)N5C=CC=CC5=N4,Active,0.603,6.219682687859849,active
156326950,C1[C@@H]([C@H]([C@H]([C@@H]1N2C=CC3=C(N=CN=C32)NCCC4=CC=CC=C4)O)O)CCC5=CC6=C(C=C5)NN=C6,Unspecified,1.0,6.0,active
166628698,C1[C@@H]([C@H]([C@H]([C@@H]1N2C=CC3=C(N=CN=C32)N)O)O)CCC4=CC5=C(C=C4)NN=C5,Unspecified,1.0,6.0,active
166626352,C1[C@@H]([C@H]([C@H]([C@@H]1N2C=CC3=C(N=CN=C32)N)O)O)CCC4=CC5=C(C=C4)NC=C5,Unspecified,1.0,6.0,active
156303940,CN1C=CC(=N1)C2=CN(C3=NC=NC(=C23)N)C4=CN=CC(=C4)CS(=O)C5=CC6=C(C=C5)C=CC(=N6)N7CCC7,Unspecified,1.0,6.0,active
156326991,CNC1=NC2=C(C=CC(=C2)OC[C@@H]3[C@H]([C@@H]([C@@H](O3)N4C=C(C5=C(N=CN=C54)N)C6=CN(N=C6)C)F)O)C=C1,Active,0.01,8.0,active
156304052,CCC1=CC(=NC2=C1C(=CC(=C2)OCC3=CC(=CN=C3)N4C=C(C5=C(N=CN=C54)N)C6CCCO6)F)N7CCC7,Unspecified,1.0,6.0,active
156304160,C1C[C@H](OC1)C2=CN(C3=NC=NC(=C23)N)C4=CN=CC(=C4)COC5=CC6=C(C=C5)C=CC(=N6)N7CCC7,Active,0.01,8.0,active
156304101,CCC1=CC(=O)C2=C(N1)C=C(C=C2)OCC3=CC(=CN=C3)N4C=C(C5=C(N=CN=C54)N)C6CCCC6,Active,0.1,7.0,active
166636006,CN(C)CC1=CC(=CC=C1)OC[C@@H]2[C@H]([C@@H]([C@@H](O2)N3C=C(C4=C(N=CN=C43)N)Br)F)O,Unspecified,1.0,6.0,active
156304119,CC1COC2=C(N1)C=C(C=C2)OCC3=CC(=CN=C3)N4C=C(C5=C(N=CN=C54)N)C6=NN(C=C6)C,Unspecified,1.0,6.0,active
166626166,CNC1=NC2=C(S1)C=CC(=C2)CC[C@@H]3[C@H]([C@@H]([C@@H](O3)N4C=C(C5=C(N=CN=C54)N)N6C=CC=N6)F)O,Active,0.1,7.0,active
163239227,C1COCCN1CCC/C=C/[C@@H]2[C@H]([C@H]([C@@H](O2)N3C=C(C4=C(N=CN=C43)N)Br)O)O,Active,1.09,5.962573502059376,active
156303946,CCNC1=NC2=C(C=CC(=C2)OCC3=CC(=CN=C3)N4C=C(C5=C(N=CN=C54)N)C6=NN(C=C6)C)C=C1,Active,0.01,8.0,active
156304037,CN1C=CC(=N1)C2=CN(C3=NC=NC(=C23)N)C4=CN=CC(=C4)COC5=CC6=C(C=C5)C=CC(=N6)N(C)CCS(=O)(=O)C,Active,0.1,7.0,active
156304155,CCC1=CC(=C2C=CC(=CC2=N1)OCC3=CC(=CN=C3)N4C=C(C5=C(N=CN=C54)N)C6=NN(C=C6)C)NC,Active,0.01,8.0,active
156304082,CCC1=NC2=C(C=CC(=C2)OCC3=CC(=CN=C3)N4C=C(C5=C(N=CN=C54)N)C6=NN(C=C6)C)C=C1,Active,0.01,8.0,active
156304112,CCC1=CC(=C2C=CC(=CC2=N1)OCC3=CC(=CN=C3)N4C=C(C5=C(N=CN=C54)N)C6=NN(C=C6)C)NCCCN(C)C,Active,0.01,8.0,active
156442357,C1CC2(C1)CCN(C2)CC3=CC4=C(N3)C=C(N=C4)CNC(=O)C5=CC(=O)N6C=CC=CC6=N5,Active,0.0061,8.214670164989233,active
166627825,CC1(CCN(CC1)CC2=NC=C(C=C2)NCC3(CCN(CC3)C4=NC=NC(=C4)NC)O)C,Active,5.8,5.236572006437063,active
163239141,C1CC(C1)CNCC2=CN3C=C(N=C3C=C2)CNC(=O)C4=CN=C5C(=N4)C=CN5,Active,0.0141,7.85078088734462,active
166039029,CNC1=NC2=C(C=C1)C=C(C=C2)CCC3=CC(=CC=C3)N4C=C(C5=C(N=CN=C54)N)Cl,Active,0.1,7.0,active
156326944,C1CC(C1)NC2=NC3=C(C=CC(=C3)OC[C@@H]4[C@H]([C@@H]([C@@H](O4)N5C=CC6=C(N=CN=C65)N)F)O)C=C2,Active,0.01,8.0,active
166632521,C1CN(CCN1)C(=O)C2=C(C=C(C=C2)OC[C@@H]3[C@H]([C@@H]([C@@H](O3)N4C=CC5=C(N=CN=C54)N)F)O)N,Unspecified,1.0,6.0,active
156442194,COC1=CN2C=NC=C2C(=C1)C3=CN(N=N3)CC4=CC5=C(C=C4)C=C(N5)CNCC6CCC6,Active,0.00814,8.089375595110798,active
156442186,C1CC(C1)CNCC2=CC3=C(N2)C=C(C=C3)CN4C=C(N=N4)C5=CC=CN6C5=CN=C6,Active,0.0063,8.200659450546418,active
156304078,CNC1=NC2=C(C=CC(=C2)OCC3=CN=CC(=N3)N4C=C(C5=C(N=CN=C54)N)Cl)C=C1,Active,0.01,8.0,active
156303989,CCC1=CC(=C2C=CC(=CC2=N1)OCC3=CN=CC(=N3)N4C=CC5=C(N=CN=C54)N)NCCN(C)C,Active,0.01,8.0,active
156303985,CNC1=NC2=C(C=CC(=C2)OCC3=CN=CC(=N3)N4C=CC5=C(N=CN=C54)N)C=C1,Active,0.01,8.0,active
166630023,CN1C=CC(=N1)C2=CN(C3=NC=NC(=C23)N)[C@H]4[C@H]([C@@H]([C@H](O4)COC5=CC6=NC(=NC=C6C=C5)N(C)C7CCC7)O)F,Active,0.01,8.0,active
156461719,C1CC(N(C1)CC2=CC3=C(N2)C=C(C=C3)CNC(=O)C4=CC(=O)N5C=CC=CC5=N4)CO,Active,0.228,6.642065152999546,active
156461835,CC1(CCCN1CC2=CC3=C(N2)C=C(C=C3)CNC(=O)C4=CC(=O)N5C=CC=CC5=N4)C,Active,0.0716,7.145086977692144,active
156326995,CNC1=NC2=C(C=CC(=C2)OC[C@@H]3[C@H]([C@@H]([C@@H](O3)N4C=C(C5=C4C=CN=C5N)Br)F)O)C=C1,Active,0.1,7.0,active
156303999,CC(C1CC1)C2=CN(C3=NC=NC(=C23)N)C4=CN=CC(=C4)COC5=CC6=C(C=C5)C=CC(=N6)NC,Active,0.01,8.0,active
156304017,C1CCN(C1)C2=NC3=C(C=CC(=C3)OCC4=CC(=CN=C4)N5C=CC6=C(N=CN=C65)N)C=C2,Active,0.01,8.0,active
168489994,C1CC(C1)CNCC2=CC3=C(N2)C=C(N=C3)CN4C=C(N=N4)C5CCCC6C5CNN6,Active,0.0061,8.214670164989233,active
163239154,C1C2(CC1(C2)F)CNCC3=CN4C=C(N=C4C=C3)CNC(=O)C5=CC(=O)N6C=CSC6=N5,Active,0.0061,8.214670164989233,active
156327154,CN1C=CC(=N1)C2=CN(C3=NC=NC(=C23)N)[C@H]4[C@H]([C@@H]([C@H](O4)COC5=CC6=C(C=C5)C=CC(=N6)NC7CNC7)O)F,Active,0.1,7.0,active
171665616,C1[C@@H]([C@H]([C@H]([C@@H]1N2C=CC3=C(N=CN=C32)N)O)O)C4=CC5=C(C=C4)C=C(N5)CNCC67CC(C6)(C7)F,Active,0.006,8.221848749616356,active
163239333,C1[C@@H]([C@H]([C@H]([C@@H]1N2C=C(C3=C(N=CN=C32)N)F)O)O)C4=CC5=C(C=C4)C=C(N5)CNCC67CC(C6)(C7)F,Active,0.0061,8.214670164989233,active
156442354,C1C2(CC1(C2)F)CNCC3=CC4=C(N3)C=C(C=C4)CN5C=C(N=N5)C6=CC=CN7C6=CN=C7,Active,0.0061,8.214670164989233,active
156461864,CC12CC(C1)(C2)CNCC3=CC4=C(N3)C=C(N=C4)CNC(=O)C5=CC(=O)N6C=CC=CC6=N5,Active,0.0061,8.214670164989233,active
156327096,C1COC[C@@H]1C2=CN(C3=NC=NC(=C23)N)[C@@H]4C[C@@H]([C@H]([C@H]4O)O)CCC5=CC6=C(C=C5)C=CC(=N6)N,Active,0.1,7.0,active
164570053,CCC1=NC2=C(O1)C=CC(=C2)OC[C@@H]3[C@H]([C@@H]([C@@H](O3)N4C=C(C5=C(N=CN=C54)N)C6=NN(C=C6)C)F)O,Unspecified,1.0,6.0,active
166632843,C1[C@@H]([C@H]([C@H]([C@@H]1N2C=CC3=C(N=CN=C32)N)O)O)CCC4=CC5=C(C=C4)SC=N5,Unspecified,1.0,6.0,active
168489990,C1C[C@@H]([C@@H](C1)O)NCC2=CC3=C(N2)C=C(C=C3)CN4C=C(N=N4)C5CCCC6C5CNN6,Active,0.00783,8.106238237942057,active
168489995,C1CC(C1)CNCC2=CC3=C(N2)C=C(C=C3)CN4C=C(N=N4)C5CCCC6C5NNC6,Active,0.0106,7.97469413473523,active
166631555,CNC1=NC2=C(C=CC(=C2)OC[C@@H]3[C@H]([C@@H]([C@@H](O3)N4C=C(C5=C(N=CN=C54)N)C6=CCN(CC6)C)F)O)C=C1,Active,0.01,8.0,active
163239133,COC1=NC(=CN=C1)C2=CN(N=N2)CC3=CN4C=C(C=CC4=N3)CNCC56CC(C5)(C6)F,Active,0.008,8.096910013008056,active
156442363,CC1(CCN(CC1)CC2=CC3=C(N2)C=C(C=C3)CNC(=O)C4=CC(=O)N5C=CC=CC5=N4)C,Active,0.00384,8.415668775632469,active
168489998,C1CC(C2CNNC2C1)C3=CN(N=N3)CC4=CC5=C(C=C4)C=C(N5)CN6CC7(C6)CCC7,Active,0.0061,8.214670164989233,active
163239047,C1CCC(CC1)CNCC2=CN3C=C(N=C3C=C2)CNC(=O)C4=C5C=NNC5=NC=C4,Active,1.4,5.853871964321762,active
156304039,CCNC1=NC2=C(C=CC(=C2)OCC3=CC(=CN=C3)N4C=C(C5=C(N=CN=C54)N)[C@@H]6CCCO6)C=C1,Active,0.01,8.0,active
156304122,CCC1=CC(=C2C=CC(=CC2=N1)OCC3=CC(=CN=C3)N4C=C(C5=C(N=CN=C54)N)[C@@H]6CCCO6)NC(=O)C,Active,0.01,8.0,active
156327135,CN1C=CC(=N1)C2=CN(C3=NC=NC(=C23)N)[C@H]4[C@H]([C@@H]([C@H](O4)COC5=CC6=C(C=C5)C=CC(=N6)C7CCC7)O)F,Active,0.01,8.0,active
156304176,CNC1=NC2=C(C=CC(=C2)OCC3=CC(=CN=C3)N4C=C(C5=C(N=CN=C54)N)C6=CC=NN6C)C=C1,Active,0.01,8.0,active
156304174,CN1C=CC(=N1)C2=CN(C3=NC=NC(=C23)N)C4=CN=CC(=C4)COC5=CC6=NC(=NC=C6C=C5)N7CCC7,Unspecified,1.0,6.0,active
163239127,COC1=CN2C=NC=C2C(=C1)C3=CN(N=N3)CC4=CN5C=C(C=CC5=N4)CNCC6CCC6,Active,0.0061,8.214670164989233,active
163239115,C1CC(C1)CNCC2=CN3C=C(N=C3C=C2)CN4C=C(N=N4)C5=CC=CN6C5=CN=C6,Active,0.0061,8.214670164989233,active
163239103,C1CC(C1)CNCC2=CN3C=C(N=C3C=C2)CN4C=C(N=N4)C5=CC=CN6C5=C(N=C6)F,Active,0.0158,7.801342913045578,active
156327127,C1[C@H]([C@@H]([C@@H]([C@H]1OCC2=CC3=C(C=C2)C=CC(=N3)N)O)O)N4C=CC5=C(N=CN=C54)N,Active,0.01,8.0,active
166634231,CCNC1=NC2=C(C=CC(=C2)CC[C@@H]3[C@H]([C@H]([C@@H](O3)N4C=CC5=C(N=CN=C54)N)O)O)C=C1,Active,0.01,8.0,active
163239044,C1CC(C1)CNCC2=CN3C=C(N=C3C=C2)CN4C=C(N=C4)C5=CN=C6C(=C5)C=CN6,Active,0.00934,8.029653123769906,active
166628120,C1=CC=C(C=C1)CCNC2=C3C=CN(C3=NC=N2)[C@H]4[C@@H]([C@@H]([C@H](O4)COC5=CC6=C(C=C5)C=CC(=N6)N)O)O,Active,0.1,7.0,active
163239159,C1COCCN1C2=CC(=C(N=C2)C#N)C3=CN(N=N3)CC4=CN5C=C(C=CC5=N4)CNCC67CC(C6)(C7)F,Active,0.006,8.221848749616356,active
163239146,C1COCCN1C2=CN=CC(=C2)C3=CN(N=N3)CC4=CN5C=C(C=CC5=N4)CNCC67CC(C6)(C7)F,Active,0.006,8.221848749616356,active
156442211,COC1=CC(=C(N=C1)C#N)C2=CN(N=N2)CC3=CC4=C(C=C3)C=C(N4)CNCC5CCC5,Active,0.0346,7.460923901207224,active
156442368,COC1=CN=CC(=C1)C2=CN(N=N2)CC3=CC4=C(C=C3)C=C(N4)CNCC5CCC5,Active,0.0068,8.167491087293763,active
156304064,CCC1=CC(=C2C(=N1)C=C(C=N2)OCC3=CC(=CN=C3)N4C=C(C5=C(N=CN=C54)N)[C@H]6CCCO6)NCCOC,Active,0.01,8.0,active
166628364,CN1C=CN=C1C2=NC3=C(C=CC(=C3)OC[C@@H]4[C@H]([C@@H]([C@@H](O4)N5C=C(C6=C(N=CN=C65)N)Br)F)O)C=C2,Unspecified,1.0,6.0,active
156326963,CNC1=NC2=C(C=CC(=C2)OC[C@@H]3[C@H]([C@@H]([C@@H](O3)N4C=C(C5=C(N=CN=C54)N)C6=NC=CO6)F)O)C=C1,Active,0.01,8.0,active
156461954,C1=CC=C(C=C1)CNCC2=CC3=C(N2)C=C(C=C3)CNC(=O)C4=CC(=O)N5C=CC=CC5=N4,Active,0.00986,8.006123085058789,active
163239156,CC1=CN2C=C(N=C2C=C1)CNC(=O)C3=CC(=O)N4C=CC=CC4=C3,Active,3.25,5.488116639021126,active
156327009,CCNC1=NC2=C(C=CC(=C2)CC[C@H]3C[C@H](C[C@@H]3O)N4C=C(C5=C(N=CN=C54)N)N6C=CC=N6)C=C1,Active,0.01,8.0,active
163239323,C1C(CN1)C/C=C/[C@@H]2[C@H]([C@H]([C@@H](O2)N3C=C(C4=C(N=CN=C43)N)Br)O)O,Active,0.522,6.282329496997738,active
156304041,CCC1=CC(=C2C=CC(=CC2=N1)OCC3=CC(=CN=C3)N4C=C(C5=C(N=CN=C54)N)[C@@H]6CCCO6)N7CCNCC7,Active,0.01,8.0,active
166626182,C1CNCCC1CC[C@@H]2[C@H]([C@@H]([C@@H](O2)N3C=CC4=C(N=CN=C43)N)F)O,Active,0.1,7.0,active
166631862,CC1=CN2C=C(C=CC2=N1)CC[C@H]3C[C@H]([C@@H]([C@@H]3O)O)N4C=CC5=C(N=CN=C54)N,Unspecified,1.0,6.0,active
156304124,C1C[C@H](OC1)C2=CN(C3=NC=NC(=C23)N)C4=CN=CC(=C4)COC5=CC(=C(C=C5)C(=O)N6CCNCC6)N,Active,0.1,7.0,active
156461672,C1CC(C1)CNCC2=CC3=C(N2)C=C(C=N3)CNC(=O)C4=CC(=O)N5C=CC=CC5=N4,Active,0.00686,8.163675884293248,active
156304157,CN1C=CC(=N1)C2=CN(C3=NC=NC(=C23)N)C4=CN=CC(=C4)COC5=CC(=C(C=C5)C6=NC=CO6)N,Unspecified,1.0,6.0,active
163239329,C1C2(CC1(C2)F)CNCCC/C=C/[C@@H]3[C@H]([C@H]([C@@H](O3)N4C=C(C5=C(N=CN=C54)N)C6=CC=NN6)O)O,Active,0.0061,8.214670164989233,active
156304147,C1C[C@H](OC1)C2=CN(C3=NC=NC(=C23)N)C4=NC(=CN=C4)COC5=CC6=C(C=C5)C=CC(=N6)N7CCC7,Active,0.01,8.0,active
156748977,CC(C12CC(C1)(C2)F)NCC3=CC4=C(N3)C=C(C=C4)CNC(=O)C5=CC(=O)N6C=CC=CC6=N5,Active,0.0061,8.214670164989233,active
155167584,CC1=CN2C=C(N=C2C=C1)CNC(=O)C3=NC=CC4=C3C=NN4,Active,5.34,5.272458742971444,active
166627439,C1CN(C1)C2=NC3=C(C=CC(=C3)OC[C@@H]4[C@H]([C@@H]([C@@H](O4)N5C=C(C6=C(N=CN=C65)N)C7=NC=CN=C7)F)O)C=C2,Active,0.01,8.0,active
171400803,CC1=C2C(=CN(C2=NC=N1)[C@@H]3C[C@@H]([C@H]([C@H]3O)O)C4=CC=C(C=C4)CN5CCC(CC5)(C)C)Br,Active,0.103,6.987162775294828,active
156731623,CC1=CC=C(O1)C2=CN(C3=NC=NC(=C23)N)C4=CN=CC(=C4)COC5=CC6=C(C=C5)C=CC(=N6)NC,Active,0.01,8.0,active
166629085,CNC1=NC2=C(C=CC(=C2)OCC3=CC(=CN=C3)N4C=C(C5=C(N=CN=C54)N)C6=CC=C(O6)CNCCS(=O)(=O)C)C=C1.C(=O)(C(F)(F)F)O,Active,0.01,8.0,active
166631301,CN(C[C@H]1C[C@H]([C@@H]([C@@H]1O)O)N2C=CC3=C(N=CN=C32)N)C4=CC5=C(C=C4)C=CC(=N5)N,Unspecified,1.0,6.0,active
166631337,C1[C@@H]([C@H]([C@H]([C@@H]1N2C=CC3=C(N=CN=C32)N)O)O)CNC4=CC5=C(C=C4)C=CC(=N5)N,Unspecified,1.0,6.0,active
156304099,CC1=CC(=C2C=CC(=CC2=N1)OCC3=CC(=CN=C3)N4C=CC5=C(N=CN=C54)N)NCCN(C)CCCCC6=CC=CC=C6,Active,0.01,8.0,active
156304135,CCNC1=NC2=C(C=CC(=C2)CCC3=CC(=CN=C3)N4C=C(C5=C(N=CN=C54)N)C6=NN(C=C6)C)C=C1,Active,0.01,8.0,active
156731594,CN1C=CC(=N1)C2=CN(C3=NC=NC(=C23)N)C4=CN=CC(=C4)COC5=CC6=C(C=C5)C=CC(=N6)N7CC8(C7)COC8,Active,0.1,7.0,active
156304061,CN1C=CC(=N1)C2=CN(C3=NC=NC(=C23)N)C4=CN=CC(=C4)COC5=CC6=C(C=C5)C=CC(=N6)N7CC(C7)O,Active,0.01,8.0,active
156296258,CN1C=CC(=N1)C2=CN(C3=NC=NC(=C23)N)C4=CN=CC(=C4)CNC(=O)NC5=NC(=CC=C5)N6CCC6,Unspecified,1.0,6.0,active
156731597,CCC1=CC(=C2C(=CC(=CC2=N1)OCC3=CC(=CN=C3)N4C=C(C5=C(N=CN=C54)N)C6=NN(C=C6)C)F)NCCOC,Active,0.01,8.0,active
156304158,CN1C=CC(=N1)C2=CN(C3=NC=NC(=C23)N)C4=CN=CC(=C4)COC5=CC6=C(C=C5)C=CC(=N6)N7CC(C7)N,Active,0.01,8.0,active
156731570,CN1C=CC(=N1)C2=CN(C3=NC=NC(=C23)N)C4=CN=CC(=C4)COC5=CC6=C(C=C5)C=CC(=N6)N7CC8(C7)CCC8,Active,0.1,7.0,active
156304132,CC1=CC(=C2C=CC(=CC2=N1)OCC3=CC(=CN=C3)N4C=CC5=C(N=CN=C54)N)NCCN(C)CCCC6=CC=CC=C6,Active,0.01,8.0,active
156304152,CCC1=CC(=C2C=CC(=CC2=N1)OCC3=CC(=CN=C3)N4C=C(C5=C(N=CN=C54)N)[C@H]6CCCO6)NCCOC,Active,0.01,8.0,active
156304045,CC(C)NC1=NC2=C(C=CC(=C2)OCC3=CC(=CN=C3)N4C=C(C5=C(N=CN=C54)N)Cl)C=C1,Active,0.01,8.0,active
156304013,CNC1=NC2=C(C=CC(=C2)OCC3=CC(=CC=C3)N4C=C(C5=C(N=CN=C54)N)C6CCCC6)C=C1,Active,0.01,8.0,active
156304030,CCC1=CC(=C2C(=N1)C=C(C=N2)CCC3=CC(=CN=C3)N4C=C(C5=C(N=CN=C54)N)C6=NN(C=C6)C)NCCOC,Active,0.01,8.0,active
156731600,CCC1=CC(=C2C(=CC(=CC2=N1)CCC3=CC(=CN=C3)N4C=C(C5=C(N=CN=C54)N)C6=NN(C=C6)C)F)NCCOC,Active,0.01,8.0,active
156304067,CN1C=CC(=N1)C2=CN(C3=NC=NC(=C23)N)C4=CN=CC(=C4)COC5=CC6=C(C=C5)C=CC(=N6)N7CCOCC7,Active,0.01,8.0,active
156304014,CNC1=NC2=C(C=CC(=C2)OCC3=C(C=CC(=C3)N4C=C(C5=C(N=CN=C54)N)Cl)OC)C=C1,Unspecified,1.0,6.0,active
156304100,CNC1=NC2=C(C=CC(=C2)OCC3=CC(=CN=C3)N4C=C(C5=C(N=CN=C54)N)C6CCCC6)C=C1,Active,0.01,8.0,active
166039051,CC1=CC(=C2C=CC(=CC2=N1)OCC3=CC(=CN=C3)N4C=CC5=C(N=CN=C54)N)N,Active,0.1,7.0,active
156304040,CCC1=CC(=C2C=CC(=CC2=N1)OCC3=CC(=CN=C3)N4C=C(C5=C(N=CN=C54)N)[C@H]6CCCO6)N7CCNCC7,Active,0.01,8.0,active
166039019,CNC1=NC2=C(C=CC(=C2)OCC3=CC(=CC(=C3)O)N4C=C(C5=C(N=CN=C54)N)Cl)C=C1,Active,0.01,8.0,active
156304146,CNC1=NC2=C(C=CC(=C2)OCC3=CC(=CN=C3)N4C=C(C5=C(N=CN=C54)N)[C@H]6CCCO6)C=C1,Active,0.01,8.0,active
156304060,CCC1=CC(=C2C=CC(=CC2=N1)OCC3=CC(=CN=C3)N4C=C(C5=C(N=CN=C54)N)[C@H]6CCCO6)N7CCOCC7,Active,0.01,8.0,active
156303987,CCC1=CC(=C2C=CC(=CC2=N1)OCC3=CC(=CN=C3)N4C=CC5=C(N=CN=C54)N)NCCN(C)C,Active,0.01,8.0,active
156304033,CCC1=CC(=C2C=CC(=CC2=N1)OCC3=CN=CC(=N3)N4C=C(C5=C(N=CN=C54)N)[C@@H]6CCCO6)N(C)C7CC7,Active,0.01,8.0,active
156731613,CCC1=CC(=C2C(=CC(=CC2=N1)OCC3=CC(=CN=C3)N4C=C(C5=C(N=CN=C54)N)C6=NN(C=C6)C)F)NCCN(C)C,Active,0.01,8.0,active
166039040,COCC1=CN(C2=NC=NC(=C12)N)C3=CN=CC(=C3)COC4=CC5=C(C=C4)C=CC(=N5)N6CCC6,Active,0.01,8.0,active
156304044,CN1C=CC(=N1)C2=CN(C3=NC=NC(=C23)N)C4=CN=CC(=C4)COC5=CC(=C(C=C5)C(=O)NC6CCOCC6)N,Active,0.1,7.0,active
156304056,CCC1=CC(=C2C=CC(=CC2=N1)OCC3=CC(=CN=C3)N4C=C(C5=C(N=CN=C54)N)[C@@H]6CCCO6)NCCOC,Active,0.01,8.0,active
156304069,CN1C=CC(=N1)C2=CN(C3=NC=NC(=C23)N)C4=CN=CC(=C4)COC5=CC6=C(C=C5)C=CC(=N6)N7CC8(C7)CC8,Active,0.01,8.0,active
156304120,CN1C=CC(=N1)C2=CN(C3=NC=NC(=C23)N)C4=CN=CC(=C4)COC5=CC6=C(C=C5)C=CC(=N6)N(C)CCO,Active,0.01,8.0,active
156304168,CN1C=CC(=N1)C2=CN(C3=NC=NC(=C23)N)C4=CN=CC(=C4)COC5=CC6=C(C=C5)C=CC(=N6)N7CC(=O)C7,Active,0.01,8.0,active
156304036,C1C[C@@H](OC1)C2=CN(C3=NC=NC(=C23)N)C4=NC(=CN=C4)COC5=CC6=C(C=C5)C=CC(=N6)N7CCC7,Active,0.01,8.0,active
156304145,CN1C=CC(=N1)C2=CN(C3=NC=NC(=C23)N)C4=CN=CC(=C4)COC5=CC6=C(C=C5)C=CC(=N6)N7CCCC7=O,Unspecified,1.0,6.0,active
156304079,CNC1=NC2=C(C=CC(=C2)OCC3=CC(=CC(=C3)N4C=C(C5=C(N=CN=C54)N)Cl)C(=O)N)C=C1,Active,0.1,7.0,active
156304150,C1=CC(=CC2=NC(=C(C=C21)Br)N)OCC3=CC(=CN=C3)N4C=CC5=C(N=CN=C54)N,Unspecified,1.0,6.0,active
166039048,CC(C)C1=NC2=C(C=CC(=C2)OCC3=CC(=CN=C3)N4C=CC5=C(N=CN=C54)N)C(=C1)N,Active,0.01,8.0,active
156303990,CNC1=NC2=C(C=CC(=C2)OCC3=CC(=CC=C3)N4C=C(C5=C(N=CN=C54)N)Cl)C=C1,Active,0.01,8.0,active
156304024,CNC1=NC2=C(C=CC(=C2)OCC3=C(N=CC(=C3)N4C=C(C5=C(N=CN=C54)N)Cl)N)C=C1,Active,0.01,8.0,active
166039016,CCC1=CC(=C2C=CC(=CC2=N1)OCC3=CC(=CN=C3)N4C=C(C5=C(N=CN=C54)N)Cl)N,Active,0.01,8.0,active
156304144,CCC1=CC(=C2C(=CC(=CC2=N1)OCC3=CC(=CN=C3)N4C=C(C5=C(N=CN=C54)N)[C@@H]6CCCO6)F)NCCOC,Active,0.01,8.0,active
156304055,CCNC1=NC2=C(C=CC(=C2)CCC3=CN=CC(=N3)N4C=C(C5=C(N=CN=C54)N)[C@@H]6CCCO6)C=C1,Active,0.01,8.0,active
156304063,CN1C=CC(=N1)C2=CN(C3=NC=NC(=C23)N)C4=CN=CC(=C4)COC5=CC6=C(C=C5)C=CC(=N6)N7CC(C7)F,Active,0.01,8.0,active
156304167,CN1C=CC(=N1)C2=CN(C3=NC=NC(=C23)N)C4=CN=CC(=C4)COC5=CC(=C(C=C5)C(=O)N(C)C)N,Unspecified,1.0,6.0,active
166039010,CNC1=NC2=C(C=CC(=C2)OCC3=CC(=CN=C3)N4C=C(C5=C(N=CN=C54)N)CC6CC6)C=C1,Active,0.01,8.0,active
156304128,CNC1=NC2=C(C=CC(=C2)OCC3=CC(=CC(=C3)Br)N4C=C(C5=C(N=CN=C54)N)Cl)C=C1,Active,0.1,7.0,active
156303961,C1CC(OC1)C2=CN(C3=NC=NC(=C23)N)C4=CN=CC(=C4)CCC5=CC6=C(C=C5)C=CC(=N6)N7CCC7,Active,0.01,8.0,active
156304111,CCC1=NC2=C(C=CC(=C2)OCC3=CC(=CN=C3)N4C=C(C5=C(N=CN=C54)N)[C@@H]6CCCO6)C(=C1)C,Active,0.01,8.0,active
166039036,CNC1=NC2=C(C=CC(=C2)OCC3=CC(=CN=C3)N4C=CC5=C(N=C(N=C54)NC)N)C=C1,Unspecified,1.0,6.0,active
156304153,CCNC1=NC2=C(C=CC(=C2)OCC3=CC(=CN=C3)N4C=C(C5=C(N=CN=C54)N)[C@H]6CCCO6)C=C1,Active,0.01,8.0,active
156304007,C1CCC(C1)C2=CN(C3=NC=NC(=C23)N)C4=CN=CC(=C4)COC5=CC6=C(C=C5)C=CC(=N6)N7CCC7,Active,0.01,8.0,active
156303947,CC(C)C1=NC2=C(C=CC(=C2)OCC3=CC(=CN=C3)N4C=CC5=C(N=CN=C54)N)C(=C1)N6CCNCC6,Active,0.01,8.0,active
156304163,CN1C=CC(=N1)C2=CN(C3=NC=NC(=C23)N)C4=CN=CC(=C4)COC5=CC(=C(C=C5)C(=O)N(C)CCO)N,Unspecified,1.0,6.0,active
156304117,C1CC1CNC2=NC3=C(C=CC(=C3)OCC4=CC(=CC=C4)N5C=C(C6=C(N=CN=C65)N)Cl)C=C2,Active,0.1,7.0,active
156304092,CCNC1=NC2=C(C=CC(=C2)CCC3=CC(=CN=C3)N4C=C(C5=C(N=CN=C54)N)[C@H]6CCCO6)C=C1,Active,0.01,8.0,active
156304019,C[C@@H]1CCN1C2=NC3=C(C=CC(=C3)OCC4=CC(=CN=C4)N5C=C(C6=C(N=CN=C65)N)C7CCCC7)C=C2,Active,0.01,8.0,active
166039043,CNC1=NC2=C(C=CC(=C2)OCC3=CC(=CC=C3)N4C=C(C5=C(N=CN=C54)N)CCN(C)C)C=C1,Active,0.1,7.0,active
156304096,CCC1=CC(=C2C=CC(=CC2=N1)OCC3=CC(=CN=C3)N4C=C(C5=C(N=CN=C54)N)C6=NN(C=C6)CCOC)NC,Active,0.01,8.0,active
156304043,CN1C=CC(=N1)C2=CN(C3=NC=NC(=C23)N)C4=CN=CC(=C4)COC5=CC6=C(C=C5)C=CC(=N6)C7CCOCC7,Active,0.1,7.0,active
156304110,CNC1=NC2=C(C=CC(=C2)OCC3=CC(=CN=C3)N4C=CC5=C(N=C(N=C54)N)N)C=C1,Active,0.1,7.0,active
156304094,CCC1=CC(=C2C=CC(=CC2=N1)CCC3=CC(=CN=C3)N4C=C(C5=C(N=CN=C54)N)C6=NN(C=C6)C)N(C)CCN(C)C,Active,0.01,8.0,active
156304159,CN1C=CC(=N1)C2=CN(C3=NC=NC(=C23)N)C4=CN=CC(=C4)COC5=CC6=C(C=C5)C=CC(=N6)N7CC(C7)(F)F,Active,0.01,8.0,active
166039018,CNC1=NC2=C(C=CC(=C2)OCC3=C(N=CC(=C3)N4C=C(C5=C(N=CN=C54)N)Cl)NC)C=C1,Active,0.01,8.0,active
156304042,CCC1=CC(=C2C=CC(=CC2=N1)OCC3=CC(=CN=C3)N4C=C(C5=C(N=CN=C54)N)C6=NN(C=C6)C)N(C)C,Active,0.01,8.0,active
156296281,CNC1=NC2=C(C=CC(=C2)CCC3=CC(=CN=C3)N4C=C(C5=C(N=CN=C54)N)C6=NN(C=C6)C)C=C1,Active,0.01,8.0,active
156304047,CN1C=CC(=N1)C2=CN(C3=NC=NC(=C23)N)C4=CN=CC(=C4)COC5=CC6=C(C=C5)C=CC(=N6)N7CCC7=O,Unspecified,1.0,6.0,active
166633993,CCC1=CC(=C2C=CC(=CC2=N1)OCC3=CC(=CN=C3)N4C=C(C5=C(N=CN=C54)N)[C@@H]6CCCO6)OC,Active,0.01,8.0,active
156304080,CC1=CN(C2=NC=NC(=C12)N)C3=CN=CC(=C3)COC4=CC5=C(C=C4)C=CC(=N5)NC,Active,0.01,8.0,active
156304018,CCC1=CC(=C2C=CC(=CC2=N1)CCC3=CC(=CN=C3)N4C=C(C5=C(N=CN=C54)N)C6=NN(C=C6)C)NC,Active,0.01,8.0,active
166039006,CNC1=NC2=C(C=CC(=C2)OCC3=CC(=CC(=C3)OC)N4C=C(C5=C(N=CN=C54)N)Cl)C=C1,Active,0.1,7.0,active
156304051,CNC1=NC2=C(C=CC(=C2)OCC3=CC(=CN=C3)N4C=C(C5=C(N=CN=C54)N)C6CCC(CC6)(F)F)C=C1,Active,0.01,8.0,active
156304107,CNC1=NC2=C(C=CC(=C2)OCC3=CC(=CN=C3)N4C=CC5=C(N=CN=C54)N)C=C1,Active,0.01,8.0,active
156303967,CNC1=NC2=C(C=CC(=C2)OCC3=CC(=CC(=C3)CO)N4C=C(C5=C(N=CN=C54)N)Cl)C=C1,Active,0.01,8.0,active
156303975,CNC1=NC2=C(C=CC(=C2)OCC3=CC(=NC=N3)N4C=C(C5=C(N=CN=C54)N)Cl)C=C1,Unspecified,1.0,6.0,active
156304011,CNC1=NC2=C(C=CC(=C2)OCC3=NC(=CC=C3)N4C=C(C5=C(N=CN=C54)N)Cl)C=C1,Active,0.01,8.0,active
156304165,CN1C=CC(=N1)C2=CN(C3=NC=NC(=C23)N)C4=CN=CC(=C4)COC5=CC(=C(C=C5)C(=O)N6CCOCC6)N,Unspecified,1.0,6.0,active
156304070,CCC1=CC(=C2C(=N1)C=C(C=N2)OCC3=CC(=CN=C3)N4C=C(C5=C(N=CN=C54)N)[C@@H]6CCCO6)NCCOC,Active,0.01,8.0,active
156304048,C1CCN(C1)C2=NC3=C(C=CC(=C3)OCC4=CC(=CN=C4)N5C=C(C6=C(N=CN=C65)N)Cl)C=C2,Active,0.01,8.0,active
166039038,CNC1=NC2=C(C=CC(=C2)OCC3=CC(=CN=C3)N4C=CC5=C(N=C(N=C54)NC(=O)C=C)N)C=C1,Unspecified,1.0,6.0,active
156304021,CCC1=CC(=C2C=CC(=CC2=N1)OCC3=CC(=CN=C3)N4C=C(C5=C(N=CN=C54)N)C6=NN(C=C6)C)N(C)C7CC7,Active,0.01,8.0,active
156304066,C1CC(OC1)C2=CN(C3=NC=NC(=C23)N)C4=CN=CC(=C4)COC5=CC6=C(C=CC(=N6)N7CCC7)N=C5,Unspecified,1.0,6.0,active
156304141,CCC1=CC(=C2C=CC(=CC2=N1)OCC3=CC(=CN=C3)N4C=CC5=C(N=CN=C54)N)N6CCCC6,Active,0.01,8.0,active
156304068,CN1CCN(CC1)C2=NC3=C(C=CC(=C3)OCC4=CC(=CN=C4)N5C=C(C6=C(N=CN=C65)N)C7=NN(C=C7)C)C=C2,Active,0.1,7.0,active
166635474,CCNC1=NC2=C(C=CC(=C2)CCC3=CC(=CN=C3)N4C=C(C5=C(N=CN=C54)N)[C@@H]6CCCO6)C=C1,Active,0.01,8.0,active
156304054,CCC1=CC(=NC2=C1C(=CC(=C2)F)OCC3=CC(=CN=C3)N4C=C(C5=C(N=CN=C54)N)C6CCCO6)N7CCC7,Unspecified,1.0,6.0,active
156303956,CNC1=NC2=C(C=CC(=C2)OCC3=CC(=CN=C3)N4C=C(C5=C(N=CN=C54)N)C6CCCO6)C=C1,Active,0.01,8.0,active
156304104,CCNC1=NC2=C(C=CC(=C2)OCC3=CC(=CN=C3)N4C=C(C5=C(N=CN=C54)N)Cl)C=C1,Active,0.01,8.0,active
156304032,CCC1=CC(=C2C=CC(=CC2=N1)CCC3=CC(=CN=C3)N4C=C(C5=C(N=CN=C54)N)[C@@H]6CCCO6)NCCN(C)C,Active,0.01,8.0,active
156304173,CN1C=CC(=N1)C2=CN(C3=NC=NC(=C23)N)C4=CN=CC(=C4)COC5=CC(=C(C=C5)C(=O)N6CCC(CC6)(F)F)N,Unspecified,1.0,6.0,active
156304148,CCC1=CC(=C2C(=CC(=CC2=N1)OCC3=CC(=CN=C3)N4C=C(C5=C(N=CN=C54)N)[C@H]6CCCO6)F)NCCOC,Active,0.01,8.0,active
156303994,CCC1=CC(=C2C=CC(=CC2=N1)OCC3=CC(=CN=C3)N4C=CC5=C(N=CN=C54)N)N6CCC(CC6)(F)F,Active,0.01,8.0,active
166636088,C1CN(C1)C2=NC3=C(C=CC(=C3)OCC4=CC(=CN=C4)N5C=C(C6=C(N=CN=C65)N)Cl)C=C2,Active,0.01,8.0,active
156304149,CNC1=NC2=C(C=CC(=C2)OCC3=CC(=CN=C3)N4C=C(C5=C(N=CN=C54)N)[C@@H]6CCCO6)C=C1,Active,0.01,8.0,active
156304084,CN1C=CC(=N1)C2=CN(C3=NC=NC(=C23)N)C4=CN=CC(=C4)COC5=CC(=C(C=C5)C(=O)N(C)CC6CC6)N,Unspecified,1.0,6.0,active
156304098,CNC1=NC2=C(C=CC(=C2)CCC3=CC(=CN=C3)N4C=C(C5=C(N=CN=C54)N)F)C=C1,Active,0.01,8.0,active
156304137,CCC1=CC(=C2C=CC(=CC2=N1)OCC3=CC(=CN=C3)N4C=CC5=C(N=CN=C54)N)N6CCOCC6,Active,0.01,8.0,active
156304164,CCC1=CC(=C2C=CC(=CC2=N1)OCC3=CC(=CN=C3)N4C=C(C5=C(N=CN=C54)N)[C@@H]6CCCO6)N7CCOCC7,Active,0.01,8.0,active
156304088,CN1C=CC(=N1)C2=CN(C3=NC=NC(=C23)N)C4=CN=CC(=C4)CCC5=CC6=C(C=C5)C=CC(=N6)N,Active,0.01,8.0,active
156303974,CCNC1=NC2=C(C=CC(=C2)OCC3=CC(=CC=C3)N4C=C(C5=C(N=CN=C54)N)Cl)C=C1,Active,0.01,8.0,active
156304071,CC(=O)NC1CN(C1)C2=NC3=C(C=CC(=C3)OCC4=CC(=CN=C4)N5C=C(C6=C(N=CN=C65)N)C7=NN(C=C7)C)C=C2,Active,0.01,8.0,active
156304161,C1C[C@@H](OC1)C2=CN(C3=NC=NC(=C23)N)C4=CN=CC(=C4)COC5=CC6=C(C=C5)C=CC(=N6)N7CCC7,Active,0.01,8.0,active
156461648,C1C(CC1(F)F)CNCC2=CC3=C(N2)C=C(C=C3)CNC(=O)C4=CC(=O)N5C=CC=CC5=N4,Active,0.0061,8.214670164989233,active
156461647,C1CC(C1)(CNCC2=CC3=C(N2)C=C(C=C3)CNC(=O)C4=CC(=O)N5C=CC=CC5=N4)F,Active,0.0176,7.7544873321858505,active
156442197,CC1(CC1)CNCC2=CC3=C(N2)C=C(C=C3)CNC(=O)C4=CC(=O)N5C=CC=CC5=N4,Active,0.0061,8.214670164989233,active
166060835,C1C2CC1CN(C2)CC3=CC4=C(N3)C=C(C=C4)CNC(=O)C5=CC(=O)N6C=CC=CC6=N5,Active,0.00953,8.020907099361674,active
156461946,C1CCN(CC1)CC2=CC3=C(N2)C=C(C=C3)CNC(=O)C4=CC(=O)N5C=CC=CC5=N4,Active,0.0268,7.5718652059712115,active
156461940,C1CN(CCC1F)CC2=CC3=C(N2)C=C(C=C3)CNC(=O)C4=CC(=O)N5C=CC=CC5=N4,Active,0.014,7.853871964321762,active
156461953,C1CCC(C1)(CNCC2=CC3=C(N2)C=C(C=C3)CNC(=O)C4=CC(=O)N5C=CC=CC5=N4)O,Active,0.0061,8.214670164989233,active
156461960,C1[C@H]2C=C[C@@H]([C@H]1CNCC3=CC4=C(N3)C=C(C=C4)CNC(=O)C5=CC(=O)N6C=CC=CC6=N5)O2,Active,0.0156,7.806875401645539,active
156461966,C1C2CC1(C2)NCC3=CC4=C(N3)C=C(C=C4)CNC(=O)C5=CC(=O)N6C=CC=CC6=N5,Active,0.0708,7.149966742310231,active
156748936,C1CC(C1)NCC2=CC3=C(N2)C=C(C=C3)CNC(=O)C4=CC(=O)N5C=CC=CC5=N4,Active,0.0192,7.716698771296451,active
156461820,C1CC1NCC2=CC3=C(N2)C=C(C=C3)CNC(=O)C4=CC(=O)N5C=CC=CC5=N4,Active,0.0664,7.1778319206319825,active
156461818,C1CC2CCC1CN2CC3=CC4=C(N3)C=C(C=C4)CNC(=O)C5=CC(=O)N6C=CC=CC6=N5,Active,0.00662,8.1791420105603,active
156461948,C1C(C1(F)F)CNCC2=CC3=C(N2)C=C(C=C3)CNC(=O)C4=CC(=O)N5C=CC=CC5=N4,Active,0.00628,8.202040356262804,active
156748880,C1C2(CC1(C2)F)CNCC3=CC4=C(N3)C=C(C=C4)CNC(=O)C5=CC(=O)N6C=CC=CC6=N5,Active,0.0061,8.214670164989233,active
156461950,C1CCC(CC1)CNCC2=CC3=C(N2)C=C(C=C3)CNC(=O)C4=CC(=O)N5C=CC=CC5=N4,Active,0.0117,7.931814138253839,active
156461947,C1CCC(CC1)(CNCC2=CC3=C(N2)C=C(C=C3)CNC(=O)C4=CC(=O)N5C=CC=CC5=N4)O,Active,0.0117,7.931814138253839,active
156461784,C1CCC(C1)NCC2=CC3=C(N2)C=C(C=C3)CNC(=O)C4=CC(=O)N5C=CC=CC5=N4,Active,0.0061,8.214670164989233,active
156461781,C1CCC(C1)CNCC2=CC3=C(N2)C=C(C=C3)CNC(=O)C4=CC(=O)N5C=CC=CC5=N4,Active,0.0061,8.214670164989233,active
156461782,COC1(CCC1)CNCC2=CC3=C(N2)C=C(C=C3)CNC(=O)C4=CC(=O)N5C=CC=CC5=N4,Active,0.00932,8.03058408764602,active
156461636,C1CCC(CC1)NCC2=CC3=C(N2)C=C(C=C3)CNC(=O)C4=CC(=O)N5C=CC=CC5=N4,Active,0.0061,8.214670164989233,active
156461635,C1CC1CNCC2=CC3=C(N2)C=C(C=C3)CNC(=O)C4=CC(=O)N5C=CC=CC5=N4,Active,0.0107,7.97061622231479,active
156461633,C1COC1CNCC2=CC3=C(N2)C=C(C=C3)CNC(=O)C4=CC(=O)N5C=CC=CC5=N4,Active,0.00811,8.090979145788845,active
156461964,C1C2CC1(C2)CNCC3=CC4=C(N3)C=C(C=C4)CNC(=O)C5=CC(=O)N6C=CC=CC6=N5,Active,0.0061,8.214670164989233,active
156461963,C1C[C@@H]([C@H](C1)O)NCC2=CC3=C(N2)C=C(C=C3)CNC(=O)C4=CC(=O)N5C=CC=CC5=N4,Active,0.0061,8.214670164989233,active
156461832,C1C[C@H]([C@@H](C1)O)NCC2=CC3=C(N2)C=C(C=C3)CNC(=O)C4=CC(=O)N5C=CC=CC5=N4,Active,0.0107,7.97061622231479,active
156461833,C1C[C@@H]([C@@H](C1)O)NCC2=CC3=C(N2)C=C(C=C3)CNC(=O)C4=CC(=O)N5C=CC=CC5=N4,Active,0.0061,8.214670164989233,active
156461831,C1C[C@H]([C@H](C1)O)NCC2=CC3=C(N2)C=C(C=C3)CNC(=O)C4=CC(=O)N5C=CC=CC5=N4,Active,0.0102,7.991399828238083,active
156461952,C1CC(C1)CNCC2=CC3=CC(=C(C=C3N2)CNC(=O)C4=CC(=O)N5C=CC=CC5=N4)F,Active,0.0061,8.214670164989233,active
156461814,C1=CC2=NC(=CC(=O)N2C=C1)C(=O)NCC3=CC4=C(C=C3)C=C(N4)CNCC(F)(F)F,Active,1.22,5.913640169325252,active
168489991,C1CCC(C1)NCC2=CC3=C(N2)C=C(C=C3)CN4C=C(N=N4)C5CCCC6C5CNN6,Active,0.0061,8.214670164989233,active
168489992,C1CC(C2CNNC2C1)C3=CN(N=N3)CC4=CC5=C(C=C4)C=C(N5)CNCC6CC6,Active,0.0116,7.935542010773082,active
168489993,C1CC(C2CNNC2C1)C3=CN(N=N3)CC4=CC5=C(C=C4)C=C(N5)CNCC6(CCC6)O,Active,0.0061,8.214670164989233,active
166060832,C1CC2(C1)CN(C2)CC3=CC4=C(N3)C=C(C=C4)CNC(=O)C5=CC(=O)N6C=CC=CC6=N5,Active,0.0061,8.214670164989233,active
156461621,C1C2C1CN(C2)CC3=CC4=C(N3)C=C(C=C4)CNC(=O)C5=CC(=O)N6C=CC=CC6=N5,Active,0.0172,7.764471553092451,active
156442214,CN(CC1CCC1)CC2=CC3=C(N2)C=C(C=C3)CNC(=O)C4=CC(=O)N5C=CC=CC5=N4,Active,0.0113,7.94692155651658,active
156461622,CC#CCNCC1=CC2=C(N1)C=C(C=C2)CNC(=O)C3=CC(=O)N4C=CC=CC4=N3,Active,0.199,6.701146923590294,active
156461620,C1CC1C#CCNCC2=CC3=C(N2)C=C(C=C3)CNC(=O)C4=CC(=O)N5C=CC=CC5=N4,Active,0.26,6.585026652029182,active
156748980,C1CC2C(C1)C2NCC3=CC4=C(N3)C=C(C=C4)CNC(=O)C5=CC(=O)N6C=CC=CC6=N5,Active,0.0352,7.453457336521869,active
156461805,C1CC2(CC1C2)CNCC3=CC4=C(N3)C=C(C=C4)CNC(=O)C5=CC(=O)N6C=CC=CC6=N5,Active,0.0061,8.214670164989233,active
156461806,CC12CC(C1)(C2)CNCC3=CC4=C(N3)C=C(C=C4)CNC(=O)C5=CC(=O)N6C=CC=CC6=N5,Active,0.0061,8.214670164989233,active
156461804,CC1CN(C1)CC2=CC3=C(N2)C=C(C=C3)CNC(=O)C4=CC(=O)N5C=CC=CC5=N4,Active,0.0753,7.1232050237993,active
156461724,C1C(CN1CC2=CC3=C(N2)C=C(C=C3)CNC(=O)C4=CC(=O)N5C=CC=CC5=N4)F,Active,0.488,6.311580177997289,active
156461725,C1CN(C1)CC2=CC3=C(N2)C=C(C=C3)CNC(=O)C4=CC(=O)N5C=CC=CC5=N4,Active,0.445,6.351639989019069,active
156461726,C1CCC2(C1)CN(C2)CC3=CC4=C(N3)C=C(C=C4)CNC(=O)C5=CC(=O)N6C=CC=CC6=N5,Active,0.0061,8.214670164989233,active
156461645,C1C(CN1CC2=CC3=C(N2)C=C(C=C3)CNC(=O)C4=CC(=O)N5C=CC=CC5=N4)O,Active,0.374,6.42712839779952,active
156461642,CC1(CN(C1)CC2=CC3=C(N2)C=C(C=C3)CNC(=O)C4=CC(=O)N5C=CC=CC5=N4)C,Active,0.00932,8.03058408764602,active
156461660,C1C(CN1CC2=CC3=C(N2)C=C(C=C3)CNC(=O)C4=CC(=O)N5C=CC=CC5=N4)C(F)F,Active,0.0678,7.168770306132937,active
156461657,COC1CN(C1)CC2=CC3=C(N2)C=C(C=C3)CNC(=O)C4=CC(=O)N5C=CC=CC5=N4,Active,0.158,6.801342913045578,active
156461661,CC(C)(C)OC1CN(C1)CC2=CC3=C(N2)C=C(C=C3)CNC(=O)C4=CC(=O)N5C=CC=CC5=N4,Active,0.309,6.510041520575165,active
156461659,C1C(CN1CC2=CC3=C(N2)C=C(C=C3)CNC(=O)C4=CC(=O)N5C=CC=CC5=N4)C(F)(F)F,Active,0.106,6.97469413473523,active
156461627,CCOC1CN(C1)CC2=CC3=C(N2)C=C(C=C3)CNC(=O)C4=CC(=O)N5C=CC=CC5=N4,Active,0.113,6.94692155651658,active
156461628,C1CCC2(CC1)CN(C2)CC3=CC4=C(N3)C=C(C=C4)CNC(=O)C5=CC(=O)N6C=CC=CC6=N5,Active,0.0061,8.214670164989233,active
166060833,C1CC2(C1)CN(C2)CCC3=CC4=C(N3)C=C(C=C4)CNC(=O)C5=CC(=O)N6C=CC=CC6=N5,Active,0.118,6.928117992693875,active
156442198,CC(C)(C)NCC1=CC2=C(N1)C=C(C=C2)CNC(=O)C3=CC(=O)N4C=CC=CC4=N3,Active,0.0809,7.092051478387728,active
156461702,CC1(CCN(C1)CC2=CC3=C(N2)C=C(C=C3)CNC(=O)C4=CC(=O)N5C=CC=CC5=N4)C,Active,0.0061,8.214670164989233,active
166060827,C1C(CC12CN(C2)CC3=CC4=C(N3)C=C(C=C4)CNC(=O)C5=CC(=O)N6C=CC=CC6=N5)F,Active,0.0061,8.214670164989233,active
156748956,C1C2(CC1(F)F)CN(C2)CC3=CC4=C(N3)C=C(C=C4)CNC(=O)C5=CC(=O)N6C=CC=CC6=N5,Active,0.0061,8.214670164989233,active
156461967,C1CC(C1)C2CN(C2)CC3=CC4=C(N3)C=C(C=C4)CNC(=O)C5=CC(=O)N6C=CC=CC6=N5,Active,0.0061,8.214670164989233,active
156748844,C1CC1C2CN(C2)CC3=CC4=C(N3)C=C(C=C4)CNC(=O)C5=CC(=O)N6C=CC=CC6=N5,Active,0.00924,8.034328028779893,active
156461956,CC(C)(C)C1CN(C1)CC2=CC3=C(N2)C=C(C=C3)CNC(=O)C4=CC(=O)N5C=CC=CC5=N4,Active,0.0072,8.142667503568731,active
156461945,CC1CC(C1)CNCC2=CC3=C(N2)C=C(C=C3)CNC(=O)C4=CC(=O)N5C=CC=CC5=N4,Active,0.00666,8.176525770829699,active
156461942,CC(C)(C)C(C)(C)NCC1=CC2=C(N1)C=C(C=C2)CNC(=O)C3=CC(=O)N4C=CC=CC4=N3,Active,0.00699,8.15552282425432,active
156748909,CCC1(CN(C1)CC2=CC3=C(N2)C=C(C=C3)CNC(=O)C4=CC(=O)N5C=CC=CC5=N4)CC,Active,0.0061,8.214670164989233,active
156461671,CC#CCCNCC1=CC2=C(N1)C=C(C=C2)CNC(=O)C3=CC(=O)N4C=CC=CC4=N3,Active,0.185,6.732828271596986,active
156461670,C1CC2(C1)CCN(C2)CC3=CC4=C(N3)C=C(C=C4)CNC(=O)C5=CC(=O)N6C=CC=CC6=N5,Active,0.0061,8.214670164989233,active
156461837,C1CC2CN(CC2C1)CC3=CC4=C(N3)C=C(C=C4)CNC(=O)C5=CC(=O)N6C=CC=CC6=N5,Active,0.0061,8.214670164989233,active
156461854,CC1(CCC1)CNCC2=CC3=C(N2)C=C(C=C3)CNC(=O)C4=CC(=O)N5C=CC=CC5=N4,Active,0.0061,8.214670164989233,active
156748991,C1CC12CC(C2)CNCC3=CC4=C(N3)C=C(C=C4)CNC(=O)C5=CC(=O)N6C=CC=CC6=N5,Active,0.00922,8.03526907894637,active
156748905,C1C2(CC1(C2)CF)CNCC3=CC4=C(N3)C=C(C=C4)CNC(=O)C5=CC(=O)N6C=CC=CC6=N5,Active,0.00897,8.047207556955907,active
166060830,C1CC12CCN(C2)CC3=CC4=C(N3)C=C(C=C4)CNC(=O)C5=CC(=O)N6C=CC=CC6=N5,Active,0.0135,7.869666231504994,active
156748890,COC12CC(C1)(C2)CNCC3=CC4=C(N3)C=C(C=C4)CNC(=O)C5=CC(=O)N6C=CC=CC6=N5,Active,0.0178,7.749579997691106,active
156461722,C1CCC2(C1)CCN(C2)CC3=CC4=C(N3)C=C(C=C4)CNC(=O)C5=CC(=O)N6C=CC=CC6=N5,Active,0.0061,8.214670164989233,active
156461720,C1CN(CC12CCO2)CC3=CC4=C(N3)C=C(C=C4)CNC(=O)C5=CC(=O)N6C=CC=CC6=N5,Active,0.125,6.903089986991944,active
156748966,C1C2(CC1(C2)C#N)CNCC3=CC4=C(N3)C=C(C=C4)CNC(=O)C5=CC(=O)N6C=CC=CC6=N5,Active,0.00754,8.122628654130226,active
156748981,C1CC12CC2CNCC3=CC4=C(N3)C=C(C=C4)CNC(=O)C5=CC(=O)N6C=CC=CC6=N5,Active,0.0061,8.214670164989233,active
156748847,C1C2CC1(C2)CNCC3=CC4=C(N3)C=C(N=C4)CNC(=O)C5=CC(=O)N6C=CC=CC6=N5,Active,0.0061,8.214670164989233,active
164884911,C1C2(CC1(C2)F)CNCC3=CC4=C(N3)C=C(N=C4)CNC(=O)C5=CC(=O)N6C=CC=CC6=N5,Active,0.0061,8.214670164989233,active
156748871,C1C2(CC1(C2)F)CNCC3=CC4=C(N3)C=C(C=N4)CNC(=O)C5=CC(=O)N6C=CC=CC6=N5,Active,0.0061,8.214670164989233,active
156461663,C1CC2CC1CN2CC3=CC4=C(N3)C=C(C=C4)CNC(=O)C5=CC(=O)N6C=CC=CC6=N5,Active,0.0244,7.61261017366127,active
156442382,C1C2(CC1(C2)F)CNCC3=CC4=C(N3)C=C(N=C4)CN5C=C(N=N5)C6=CC=CN7C6=CN=C7,Active,0.00653,8.185086818724926,active
168490000,C1CC2C(CNN2)C(C1)N3C=C(N=N3)CC4=CC5=C(C=C4)C=C(N5)CNCC6CC(C6)(F)F,Active,0.00791,8.101823516502323,active
156461873,COC1=CC(=C(N=C1)C#N)C2=CN(N=N2)CC3=CC4=C(C=C3)C=C(N4)CN5CCC6(C5)CCC6,Active,0.0264,7.578396073130169,active
156461856,COC1=CC(=C(N=C1)C#N)C2=CN(N=N2)CC3=CC4=C(C=C3)C=C(N4)CNCC56CC(C5)(C6)F,Active,0.00691,8.160521952625801,active
156442365,C1CC(C1)CNCC2=CC3=C(N2)C=C(C=C3)CN4C=C(N=N4)C5=C(N=CC(=C5)F)C#N,Active,0.259,6.586700235918748,active
156442158,C1CC(C1)CNCC2=CC3=C(N2)C=C(C=C3)CN4C=C(N=N4)C5=C(N=CC(=C5)Cl)C#N,Active,0.071,7.1487416512809245,active
156461637,C1CCC(C1)NCC2=CC3=C(N2)C=C(C=C3)CN4C=C(N=N4)C5=C6C=NNC6=CC=C5,Active,0.0061,8.214670164989233,active
156461639,C1C[C@@H]([C@@H](C1)O)NCC2=CC3=C(N2)C=C(C=C3)CN4C=C(N=N4)C5=C6C=NNC6=CC=C5,Active,0.00783,8.106238237942057,active
156748930,[2H]C([2H])(C1=CC2=C(N1)C=C(C=C2)CNC(=O)C3=CC(=O)N4C=CC=CC4=N3)NCC5CCC5,Active,0.0061,8.214670164989233,active
156748982,C1C(CC1(F)F)CNCC2=CC3=C(N2)C=C(C=C3)CC4=CN(N=N4)C5=CC=CC6=C5C=NN6,Active,0.00791,8.101823516502323,active
166635206,C1C[C@H]2[C@@H](C[C@@H]1O2)CNCC3=CC4=C(N3)C=C(C=C4)CNC(=O)C5=CC(=O)N6C=CC=CC6=N5,Active,0.0151,7.82102305270683,active
156461687,C1CC(C1)CNCC2=CC3=C(N2)C=C(C=C3)CN4C=C(N=N4)C5=CC=CC6=C5NN=C6,Active,0.0106,7.97469413473523,active
166636540,C1C(CC1(F)F)CNCC2=CC3=C(N2)C=C(C=C3)CC4=CN(N=N4)C5=CC=CN6C5=CN=C6,Active,0.0193,7.714442690992226,active
156461638,C1CC1CNCC2=CC3=C(N2)C=C(C=C3)CN4C=C(N=N4)C5=C6C=NNC6=CC=C5,Active,0.0116,7.935542010773082,active
171400790,C1=CC=C(C=C1)CNCC/C=C/[C@@H]2[C@H]([C@H]([C@@H](O2)N3C=C(C4=C(N=CN=C43)N)Br)O)O,Active,0.317,6.498940737782249,active
171400798,C1C(CC1(F)F)CNCCC/C=C/[C@@H]2[C@H]([C@H]([C@@H](O2)N3C=C(C4=C(N=CN=C43)N)Br)O)O,Active,0.0227,7.6439741428068775,active
171400804,C1=C(C2=C(N=CN=C2N1[C@H]3[C@@H]([C@@H]([C@H](O3)/C=C/CCCN)O)O)N)Br,Active,0.505,6.296708621881339,active
163239321,C1CNCCC1/C=C/[C@@H]2[C@H]([C@H]([C@@H](O2)N3C=C(C4=C(N=CN=C43)N)Br)O)O,Active,0.413,6.384049948343599,active
163239348,C1CC(CNC1)/C=C/[C@@H]2[C@H]([C@H]([C@@H](O2)N3C=C(C4=C(N=CN=C43)N)Br)O)O,Active,0.351,6.454692883534176,active
163239335,C1CNCC1/C=C/[C@@H]2[C@H]([C@H]([C@@H](O2)N3C=C(C4=C(N=CN=C43)N)Br)O)O,Active,0.453,6.343901797987169,active
163239292,C1CN(CCC1F)CCC/C=C/[C@@H]2[C@H]([C@H]([C@@H](O2)N3C=C(C4=C(N=CN=C43)N)Br)O)O,Active,0.231,6.636388020107856,active
163239246,C1CN(CCC1(F)F)CCC/C=C/[C@@H]2[C@H]([C@H]([C@@H](O2)N3C=C(C4=C(N=CN=C43)N)Br)O)O,Active,0.0635,7.197226274708024,active
163239334,C1CC(CN(C1)CCC/C=C/[C@@H]2[C@H]([C@H]([C@@H](O2)N3C=C(C4=C(N=CN=C43)N)Br)O)O)F,Active,0.351,6.454692883534176,active
163239224,C1[C@H](O[C@H]([C@@H]1O)N2C=C(C3=C(N=CN=C32)N)Br)/C=C/CCCNCC45CC(C4)(C5)F,Active,0.0096,8.017728766960431,active
163239299,C1C2(CC1(C2)F)CNCCC/C=C/[C@@H]3[C@@H]([C@H]([C@@H](O3)N4C=C(C5=C(N=CN=C54)N)Br)O)F,Active,0.0197,7.7055337738384075,active
163239308,C1[C@@H]([C@H]([C@H]([C@@H]1N2C=C(C3=C(N=CN=C32)N)Cl)O)O)C4=CC5=C(C=C4)C=C(N5)CNCC67CC(C6)(C7)F,Active,0.0061,8.214670164989233,active
163239228,C1[C@@H]([C@H]([C@H]([C@@H]1N2C=C(C3=C(N=CN=C32)N)Br)O)O)C4=CC=C(C=C4)CNCC56CC(C5)(C6)F,Active,0.00911,8.040481623027002,active
163239249,C1[C@@H]([C@H]([C@H]([C@@H]1N2C=C(C3=C(N=CN=C32)N)Br)O)O)C4=CC=CC(=C4)CCNCC56CC(C5)(C6)F,Active,0.117,6.931814138253839,active
163239352,C1CC2(C1)CCN(C2)CC3=CC(=CC=C3)[C@H]4C[C@H]([C@@H]([C@@H]4O)O)N5C=C(C6=C(N=CN=C65)N)Br,Active,2.64,5.578396073130169,active
163239344,C1[C@@H]([C@H]([C@H]([C@@H]1N2C=C(C3=C(N=CN=C32)N)Br)O)O)C4=CC=CC(=C4)CNCC56CC(C5)(C6)F,Active,3.01,5.521433504406157,active
163239245,C1C2(CC1(C2)F)CNCCC/C=C/[C@@H]3[C@H]([C@H]([C@@H](O3)N4C=C(C5=C(N=CN=C54)N)Br)F)O,Active,0.06,7.221848749616356,active
166626015,CNC1=NC2=C(C=CC(=C2)OC[C@@H]3[C@H]([C@@H]([C@@H](O3)N4C=C(C5=C(N=CN=C54)N)C6CC6)F)O)C=C1,Active,0.01,8.0,active
166626031,CNC1=NC2=C(C=CC(=C2)OC[C@@H]3[C@H]([C@@H]([C@@H](O3)N4C=C(C5=C(N=CN=C54)N)[C@@H]6CCCO6)F)O)C=C1,Active,0.01,8.0,active
166626089,CNC1=NC2=C(C=CC(=C2)OC[C@@H]3[C@H]([C@H]([C@@H](O3)N4C=C(C5=C(N=CN=C54)N)C6=NN(C=C6)C7CCC7)O)O)C=C1,Active,0.01,8.0,active
156327158,CC1=NN(C=C1)C2=CN(C3=NC=NC(=C23)N)[C@H]4[C@H]([C@@H]([C@H](O4)COC5=CC6=C(C=C5)C=CC(=N6)N7CCC7)O)F,Active,0.01,8.0,active
156326998,CCC1=CC(=C2C=CC(=CC2=N1)OC[C@@H]3[C@H]([C@@H]([C@@H](O3)N4C=C(C5=C(N=CN=C54)N)C6=NN(C=C6)C)F)O)N(C)CC7CC7,Active,0.01,8.0,active
166626353,CNC1=NC2=C(C=CC(=C2)OC[C@@H]3[C@H]([C@@H]([C@@H](O3)N4C=C(C5=C(N=CN=C54)N)F)F)O)C=C1,Active,0.01,8.0,active
166626424,CN1C=CC(=N1)C2=CN(C3=NC=NC(=C23)N)[C@H]4[C@H]([C@@H]([C@H](O4)COC5=CC6=NC(=NC=C6C=C5)NC7CC(C7)N)O)F,Active,0.01,8.0,active
156327130,CCC1=CC(=C2C=CC(=CC2=N1)OC[C@@H]3[C@H]([C@@H]([C@@H](O3)N4C=C(C5=C(N=CN=C54)N)C6=NN(C=C6)C)F)O)NC,Active,0.01,8.0,active
156326994,CC1=CN(C2=NC=NC(=C12)N)[C@H]3[C@H]([C@@H]([C@H](O3)COC4=CC5=C(C=C4)C=CC(=N5)NC)O)F,Active,0.01,8.0,active
166627194,C1C[C@@H](OC1)C2=CN(C3=NC=NC(=C23)N)[C@H]4[C@H]([C@@H]([C@H](O4)COC5=CC6=C(C=C5)C=CC(=N6)N7CCC7)O)F,Active,0.01,8.0,active
166627257,CC1=CN(C2=NC=NC(=C12)N)[C@H]3[C@@H]([C@@H]([C@H](O3)COC4=CC5=C(C=C4)C=CC(=N5)N)O)O,Unspecified,1.0,6.0,active
156327072,CNC1=NC2=C(C=CC(=C2)OC[C@@H]3[C@H]([C@@H]([C@@H](O3)N4C=C(C5=C(N=CN=C54)N)C6CCCC6)F)O)C=C1,Active,0.01,8.0,active
156326966,CNC1=NC2=C(C=CC(=C2)OC[C@@H]3[C@H]([C@@H]([C@@H](O3)N4C=C(C5=C(N=CN=C54)N)[C@H]6CCCO6)F)O)C=C1,Active,0.01,8.0,active
156327142,CN1C=CC(=N1)C2=CN(C3=NC=NC(=C23)N)[C@H]4[C@H]([C@@H]([C@H](O4)COC5=CC6=C(C=C5)C=CC(=N6)N7CC(C7)N)O)F,Active,0.01,8.0,active
156327125,CNC1=NC2=C(C=CC(=C2)OC[C@@H]3[C@H](C[C@@H](O3)N4C=C(C5=C(N=CN=C54)N)Br)O)C=C1,Active,0.01,8.0,active
166627952,C1=CC(=CC2=C1C=CC(=N2)N)OC[C@@H]3[C@H]([C@H]([C@H](O3)N4C=CC5=C(N=CN=C54)N)O)O,Unspecified,1.0,6.0,active
156296131,CNC1=NC2=C(C=CC(=C2)OC[C@@H]3[C@H]([C@@H]([C@@H](O3)N4C=C(C5=C(N=CN=C54)N)Cl)F)O)C=C1,Active,0.01,8.0,active
156327141,CN1C=CC(=N1)C2=CN(C3=NC=NC(=C23)N)[C@H]4[C@H]([C@@H]([C@H](O4)COC5=CC6=NC(=NC=C6C=C5)NC7CC7)O)F,Active,0.01,8.0,active
166628254,CCC1=CC(=C2C=CC(=CC2=N1)OC[C@@H]3[C@H](C[C@@H](O3)N4C=C(C5=C(N=CN=C54)N)C6=NN(C=C6)C)O)N(C)CC7CC7,Active,0.01,8.0,active
156326999,CNC1=NC2=C(C=CC(=C2)OC[C@@H]3[C@H]([C@@H]([C@@H](O3)N4C=C(C5=C(N=CN=C54)N)C(F)(F)F)F)O)C=C1,Active,0.01,8.0,active
156327156,C1CN(C1)C2=NC3=C(C=CC(=C3)OC[C@@H]4[C@H]([C@@H]([C@@H](O4)N5C=C(C6=C(N=CN=C65)N)C7=NC=CO7)F)O)C=C2,Active,0.01,8.0,active
156326980,C1[C@@H]([C@H]([C@H]([C@@H]1N2C=CC3=C(N=CN=C32)N)O)O)CCC4=CC5=C(C=C4)C=CC(=N5)NCCO,Active,0.1,7.0,active
166629202,CC1=CN(C2=NC=NC(=C12)N)[C@H]3[C@@H]([C@@H]([C@H](O3)COC4=CC5=C(C=C4)N=C(C=C5)NC)O)O,Active,0.01,8.0,active
156327095,CC(C)N1C=CC(=N1)C2=CN(C3=NC=NC(=C23)N)[C@H]4[C@H]([C@@H]([C@H](O4)COC5=CC6=C(C=C5)C=CC(=N6)NC)O)F,Active,0.01,8.0,active
166629410,CC1=CN(C2=NC=NC(=C12)N)[C@H]3[C@@H]([C@@H]([C@H](O3)COC4=CC5=C(C=C4)C=CC(=N5)NC)O)O,Unspecified,1.0,6.0,active
156327008,CNC1=NC2=C(N1)C=C(C=C2)OC[C@@H]3[C@H]([C@@H]([C@@H](O3)N4C=C(C5=C(N=CN=C54)N)C6=NN(C=C6)C)F)O,Active,0.01,8.0,active
166629752,CN1C=CC(=N1)C2=CN(C3=NC=NC(=C23)N)[C@H]4C[C@@H]([C@H](O4)COC5=CC6=C(C=C5)C=CC(=N6)N7CC(C7)N)O,Active,0.01,8.0,active
156327104,CC1=CN(C2=NC=NC(=C12)N)[C@@H]3C[C@@H]([C@H]([C@H]3O)O)CCC4=CC5=C(C=C4)C=CC(=N5)NC,Active,0.01,8.0,active
156327090,CNC1=NC2=C(C=CC(=C2)OC[C@@H]3[C@H]([C@@H]([C@@H](O3)N4C=C(C5=C(N=CN=C54)N)C6CCN(CC6)C)F)O)C=C1,Active,0.01,8.0,active
156326957,CN1C=CC(=N1)C2=CN(C3=NC=NC(=C23)N)[C@H]4[C@H]([C@@H]([C@H](O4)COC5=CC6=C(C=C5)C=CC(=N6)N7CCC7)O)F,Active,0.01,8.0,active
156730065,C1CN(C1)C2=NC3=C(C=CC(=C3)OC[C@@H]4[C@H](C[C@@H](O4)N5C=C(C6=C(N=CN=C65)N)N7C=CC=N7)O)C=C2,Active,0.01,8.0,active
166630560,C1[C@@H]([C@H]([C@H]([C@@H]1N2C=CC3=C(N=CN=C32)N)O)O)CCC4=CC5=C(C=C4)N=C(C=C5)N,Active,0.1,7.0,active
166630753,CC1=CN(C2=NC=NC(=C12)N)[C@H]3[C@@H]([C@@H]([C@H](O3)COC4=CC5=C(C=C4)C=CC(=N5)NCC6CC6)O)O,Unspecified,1.0,6.0,active
166630927,CNC1=NC2=C(C=CC(=C2)OC[C@@H]3[C@H]([C@H]([C@@H](O3)N4C=C(C5=C(N=CN=C54)N)CC6CCCC6)O)O)C=C1,Active,0.01,8.0,active
156327097,CNC1=NC2=C(C=CC(=C2)OC[C@@H]3[C@H]([C@H]([C@@H](O3)N4C=C(C5=C(N=CN=C54)N)C6CCC(CC6)(F)F)O)O)C=C1,Active,0.01,8.0,active
166630986,CNC1=NC2=C(C=CC(=C2)OC[C@@H]3[C@H]([C@H]([C@@H](O3)N4C=C(C5=C(N=CN=C54)N)Cl)O)O)C=C1,Active,0.01,8.0,active
156327157,CN(CCOC)C(=O)C1=CN(C2=NC=NC(=C12)N)[C@H]3[C@H]([C@@H]([C@H](O3)COC4=CC5=C(C=C4)C=CC(=N5)N6CCC6)O)F,Active,0.01,8.0,active
156327051,CCNC1=NC2=C(C=CC(=C2)OC[C@@H]3[C@H]([C@@H]([C@@H](O3)N4C=C(C5=C(N=CN=C54)N)Cl)F)O)C=C1,Active,0.01,8.0,active
156326973,CN1C=CC(=N1)C2=CN(C3=NC=NC(=C23)N)[C@H]4[C@H]([C@@H]([C@H](O4)COC5=CC6=C(C=C5)SC(=N6)N7CCC7)O)F,Active,0.01,8.0,active
164570047,CNC1=NC2=C(C=CC(=C2)OC[C@@H]3[C@H]([C@@H]([C@@H](O3)N4C=C(C5=C(N=CN=C54)N)C6=NN(C=C6)C7COC7)F)O)C=C1,Active,0.01,8.0,active
126637904,CNC1=NC2=C(C=CC(=C2)CC[C@H]3C[C@H]([C@@H]([C@@H]3O)O)N4C=CC5=C(N=CN=C54)N)C=C1,Active,0.01,8.0,active
166631854,C1CCC(C1)C2=CN(C3=NC=NC(=C23)N)[C@H]4[C@H]([C@@H]([C@H](O4)COC5=CC6=C(C=C5)C=CC(=N6)N7CCC7)O)F,Active,0.01,8.0,active
156327115,CC1=CC(=C2C=CC(=CC2=N1)OC[C@@H]3[C@H]([C@@H]([C@@H](O3)N4C=C(C5=C(N=CN=C54)N)Br)F)O)N,Active,0.01,8.0,active
156327791,CNC1=NC2=C(C=CC(=C2)OC[C@@H]3[C@H]([C@H]([C@@H](O3)N4C=C(C5=C(N=CN=C54)N)C6CCCCC6)O)O)C=C1,Active,0.01,8.0,active
156327136,CN1C=CC(=N1)C2=CN(C3=NC=NC(=C23)N)[C@H]4[C@H]([C@@H]([C@H](O4)COC5=CC6=C(C=C5)C=CC(=N6)N(C)CCS(=O)(=O)C)O)F,Active,0.1,7.0,active
156327043,CN1C=CC(=N1)C2=CN(C3=NC=NC(=C23)N)[C@H]4[C@H]([C@@H]([C@H](O4)COC5=CC6=C(C=C5)C=CC(=N6)NC7CC(C7)N)O)F,Active,0.01,8.0,active
146602935,CNC1=C2C=CN(C2=NC=N1)[C@@H]3C[C@@H]([C@H]([C@H]3O)O)CCC4=CC5=C(C=C4)C=CC(=N5)N,Unspecified,1.0,6.0,active
166633069,CCC1=CC(=C2C=CC(=CC2=N1)OC[C@@H]3[C@H]([C@@H]([C@@H](O3)N4C=C(C5=C(N=CN=C54)N)C6=NN(C=C6)C)F)O)N7CCOCC7,Active,0.01,8.0,active
156327792,CCNC1=NC2=C(C=CC(=C2)OC[C@@H]3[C@H]([C@@H]([C@@H](O3)N4C=C(C5=C(N=CN=C54)N)C6=NN(C=C6)C)F)O)C=C1,Active,0.01,8.0,active
156327068,C1CC1C2=NC3=C(C=CC(=C3)OC[C@@H]4[C@H]([C@@H]([C@@H](O4)N5C=C(C6=C(N=CN=C65)N)Br)F)O)C(=C2)N,Active,0.01,8.0,active
156327045,CC(C)N1C=C(N=C1)C2=CN(C3=NC=NC(=C23)N)[C@H]4[C@H]([C@@H]([C@H](O4)COC5=CC6=C(C=C5)C=CC(=N6)NC)O)F,Active,0.01,8.0,active
156327032,C1COC[C@H]1C2=CN(C3=NC=NC(=C23)N)[C@@H]4C[C@@H]([C@H]([C@H]4O)O)CCC5=CC6=C(C=C5)C=CC(=N6)N,Active,0.1,7.0,active
156326993,CCC1=CC(=C2C=CC(=CC2=N1)OC[C@@H]3[C@H]([C@@H]([C@@H](O3)N4C=C(C5=C(N=CN=C54)N)C6=NN(C=C6)C)F)O)N(C)C,Active,0.01,8.0,active
166633625,C1[C@@H]([C@H]([C@H]([C@@H]1N2C=CC3=C(N=CN=C32)N)O)O)CCC4=CC5=C(C=C4)C=CC(=C5)N,Unspecified,1.0,6.0,active
166634009,CN(C)CC1=CN(C2=NC=NC(=C12)N)[C@H]3[C@H]([C@@H]([C@H](O3)COC4=CC5=C(C=C4)C=CC(=N5)N6CCC6)O)F,Active,0.01,8.0,active
156327047,CC1=NC(=CC=C1)C2=CN(C3=NC=NC(=C23)N)[C@H]4[C@H]([C@@H]([C@H](O4)COC5=CC6=C(C=C5)C=CC(=N6)NC)O)F,Active,0.01,8.0,active
156327126,CNC1=NC2=C(C=CC(=C2)OC[C@@H]3[C@H]([C@H]([C@@H](O3)N4C=C(C5=C(N=CN=C54)N)CC6CC6)O)O)C=C1,Active,0.01,8.0,active
156327030,CCNC1=NC2=C(C=CC(=C2)CC[C@H]3C[C@H]([C@@H]([C@@H]3O)O)N4C=C(C5=C(N=CN=C54)N)C6CCCC6)C=C1,Active,0.01,8.0,active
156327013,CNC1=NC2=C(C=CC(=C2)OC[C@@H]3[C@H]([C@@H]([C@@H](O3)N4C=C(C5=C(N=CN=C54)N)C6=CC(=CC(=C6)F)F)F)O)C=C1,Active,0.1,7.0,active
156296130,CNC1=NC2=C(C=CC(=C2)OC[C@@H]3[C@H]([C@H]([C@@H](O3)N4C=C(C5=C(N=CN=C54)N)C6CCCC6)O)O)C=C1,Active,0.01,8.0,active
156327077,C1[C@@H]([C@H]([C@H]([C@@H]1N2C=CC3=C(N=CN=C32)N)O)O)CCC4=CC5=C(C=C4)C=CC(=N5)NC6=CC=CC=C6,Unspecified,1.0,6.0,active
156326946,CC1=NN(C=C1)C2=CN(C3=NC=NC(=C23)N)[C@H]4[C@H]([C@@H]([C@H](O4)COC5=CC6=C(C=C5)C=CC(=N6)N7CC(C7)O)O)F,Active,0.01,8.0,active
156327805,C1[C@@H]([C@H]([C@H]([C@@H]1N2C=CC3=C(N=CN=C32)N)O)O)CCC4=CC5=C(C=C4)C=NN5,Unspecified,1.0,6.0,active
166634698,C1COCCN1C2=NC3=C(C=CC(=C3)OC[C@@H]4[C@H]([C@H]([C@@H](O4)N5C=CC6=C(N=CN=C65)N)O)O)C=C2,Active,0.01,8.0,active
156327144,CN1C=CC(=N1)C2=CN(C3=NC=NC(=C23)N)[C@H]4[C@H]([C@@H]([C@H](O4)COC5=CC6=C(C=C5)C=CC(=N6)NC7CCC7)O)F,Active,0.01,8.0,active
166634784,CNC1=NC2=C(C=CC(=C2)CC[C@H]3C[C@H]([C@@H]([C@@H]3O)O)N4C=C(C5=C(N=CN=C54)N)C6CCCC6)C=C1,Active,0.01,8.0,active
166634869,C1CCC(C1)C2=CN(C3=NC=NC(=C23)N)[C@@H]4C[C@@H]([C@H]([C@H]4O)O)CCC5=CC6=C(C=C5)C=CC(=N6)N,Active,0.01,8.0,active
166634878,C1CC1C(=O)NC2=CC=CC(=C2)CC[C@H]3C[C@H]([C@@H]([C@@H]3O)O)N4C=CC5=C(N=CN=C54)N,Unspecified,1.0,6.0,active
156327035,C1CN(C1)C2=NC3=C(C=CC(=C3)OC[C@@H]4[C@H]([C@@H]([C@@H](O4)N5C=C(C6=C(N=CN=C65)N)N7C=CC(=N7)C(F)(F)F)F)O)C=C2,Active,0.01,8.0,active
126637519,CC(C)NC1=NC2=C(C=CC(=C2)CC[C@H]3C[C@H]([C@@H]([C@@H]3O)O)N4C=CC5=C(N=CN=C54)N)C=C1,Active,0.01,8.0,active
166634948,CC1=CC2=C(N=CN=C2N1[C@@H]3C[C@@H]([C@H]([C@H]3O)O)CCC4=CC5=C(C=C4)C=CC(=N5)N)N,Unspecified,1.0,6.0,active
156327002,CCC1=CC(=C2C=CC(=CC2=N1)OC[C@@H]3[C@H]([C@@H]([C@@H](O3)N4C=C(C5=C(N=CN=C54)N)C6=NN(C=C6)C)F)O)N(C)C7CC7,Active,0.01,8.0,active
166635028,CNC1=NC2=C(C=C1)C=C(C=C2)CC[C@H]3C[C@H]([C@@H]([C@@H]3O)O)N4C=CC5=C(N=CN=C54)N,Active,0.1,7.0,active
156326992,CNC1=NC2=C(C=CC(=C2)OC[C@@H]3[C@H]([C@@H]([C@@H](O3)N4C=C(C5=C(N=CN=C54)N)C6=NN(C=C6)C)F)O)C=C1,Active,0.01,8.0,active
156327037,CN1C=CC(=N1)C2=CN(C3=NC=NC(=C23)N)[C@H]4[C@H]([C@@H]([C@H](O4)COC5=CC6=NC(=CN=C6C=C5)N7CCC7)O)F,Active,0.01,8.0,active
156327124,CNC1=NC2=C(C=CC(=C2)OC[C@@H]3[C@H]([C@@H]([C@@H](O3)N4C=C(C5=C(N=CN=C54)N)Br)F)O)C=C1,Active,0.01,8.0,active
166635457,C1[C@@H]([C@H]([C@H]([C@@H]1N2C=CC3=C(N=CN=C32)N)O)O)CCC4=CC5=C(C=C4)C=CN5,Unspecified,1.0,6.0,active
156327105,CNC(=O)NC1=CC=CC(=C1)CC[C@H]2C[C@H]([C@@H]([C@@H]2O)O)N3C=CC4=C(N=CN=C43)N,Unspecified,1.0,6.0,active
156326983,CN1C=CC(=N1)C2=CN(C3=NC=NC(=C23)N)[C@H]4C[C@@H]([C@H](O4)COC5=CC6=C(C=C5)C=CC(=N6)N7CCC7)O,Active,0.01,8.0,active
156327005,CN(C)C1=NC2=C(C=CC(=C2)OC[C@@H]3[C@H]([C@H]([C@@H](O3)N4C=C(C5=C(N=CN=C54)N)C6CCCC6)O)O)C=C1,Active,0.01,8.0,active
166636119,C1CC1COC2=C3C=CC(=CC3=NC=C2)CC[C@H]4C[C@H]([C@@H]([C@@H]4O)O)N5C=CC6=C(N=CN=C65)N,Unspecified,1.0,6.0,active
156327117,CNC1=NC2=C(C=CC(=C2)OC[C@@H]3[C@H]([C@@H]([C@@H](O3)N4C=C(C5=C(N=CN=C54)N)C6=CN(C=N6)C)F)O)C=C1,Active,0.01,8.0,active
166636244,CNC1=NC2=C(O1)C=CC(=C2)OC[C@@H]3[C@H]([C@@H]([C@@H](O3)N4C=C(C5=C(N=CN=C54)N)C6=NN(C=C6)C)F)O,Active,0.1,7.0,active
166636259,CNC1=NC2=C(C=CC(=C2)CC[C@H]3C[C@H]([C@@H]([C@@H]3O)O)N4C=C(C5=C(N=CN=C54)N)C6CCOCC6)C=C1,Active,0.01,8.0,active
166636264,CNC1=NC2=C(C=CC(=C2)OC[C@@H]3[C@H]([C@H]([C@@H](O3)N4C=C(C5=C(N=CN=C54)N)Br)O)O)C=C1,Active,0.01,8.0,active
156327140,CN1C=CC(=N1)C2=CN(C3=NC=NC(=C23)N)[C@@H]4C[C@@H]([C@H](C4)O)CCC5=CC6=C(C=C5)C=CC(=N6)N7CCC7,Active,0.01,8.0,active
166636424,CNC1=NC2=C(C=CC(=C2)OC[C@@H]3[C@H]([C@@H]([C@@H](O3)N4C=CC5=C(N=CN=C54)N)F)O)C=C1,Active,0.01,8.0,active
166636520,C1CN(C1)C2=NC3=C(C=CC(=C3)OC[C@@H]4[C@H](C[C@@H](O4)N5C=CC6=C(N=CN=C65)N)O)C=C2,Active,0.01,8.0,active
156296084,CNC1=NC2=C(C=CC(=C2)OC[C@@H]3[C@H](C[C@@H](O3)N4C=C(C5=C(N=CN=C54)N)C6CCCC6)O)C=C1,Active,0.01,8.0,active
156596351,CC1(CCN(CC1)CC2=CC=C(C=C2)N3CC(=O)NC4(C3)CCN(CC4)C5=NC=NC(=C5)NC)C,Active,0.089,7.050609993355088,active
166634161,CC1(CCN(CC1)CC2=CC=C(C=C2)NCC3(CCN(CC3)C4=NC=NC(=C4)NC)O)C,Active,5.0,5.301029995663981,active
156596350,CC1(CCN(CC1)CC2=CC=C(C=C2)N3CC(=O)NC4(C3)CCN(CC4)C5=NC=NC(=C5)NCC6=CC=CC=C6)C,Active,0.026,7.585026652029182,active
166132582,CC1(CCN(CC1)CC2=CC=C(C=C2)N3CC(=O)NC4(C3)CN(C4)C5=NC=NC(=C5)NC)C,Active,0.44,6.356547323513813,active
163239186,C1C(CC1(F)F)CNCC2=CN3C=C(N=C3C=C2)CNC(=O)C4=CN=C5C(=C4)C=CN5,Active,0.0273,7.563837352959244,active
163239071,C1CC(C1)CNCC2=CN3C=C(N=C3C=C2)CN4C=C(N=N4)C5=CC(=CN6C5=CN=C6)Cl,Active,0.0061,8.214670164989233,active
163239107,COC1=CN2C=NC=C2C(=C1)C3=CN(N=N3)CC4=CN5C=C(C=CC5=N4)CNCC67CC(C6)C7,Active,0.0061,8.214670164989233,active
163239151,COC1=CC(=C(N=C1)C#N)C2=CN(N=N2)CC3=CN4C=C(C=CC4=N3)CN5CCC6(C5)CCC6,Active,0.076,7.119186407719209,active
163239102,COC1=CC(=C(N=C1)C#N)C2=CN(N=N2)CC3=CN4C=C(C=CC4=N3)CNCC56CC(C5)(C6)F,Active,0.016,7.795880017344075,active
163239058,C1CC2(C1)CCN(C2)CC3=CN4C=C(N=C4C=C3)CN5C=C(N=N5)C6=C(N=CC(=C6)F)C#N,Active,1.18,5.928117992693875,active
163239162,C1C2(CC1(C2)F)CNCC3=CN4C=C(N=C4C=C3)CN5C=C(N=N5)C6=C(N=CC(=C6)F)C#N,Active,0.235,6.628932137728264,active
